PRODUTO;UNIDADE;ANO;REGIÃO;ESTADO;JAN;FEV;MAR;ABR;MAI;JUN;JUL;AGO;SET;OUT;NOV;DEZ;TOTAL
TERRA (mil m3);mil m3;2000;REGIÃO NORTE;AMAZONAS;22010;19473;9567;21401;16468;18868;25156;15724;8635;8799;6224;8486;180811
TERRA (mil m3);mil m2;2000;REGIÃO NORDESTE;MARANHÃO;0;0;0;0;0;0;0;0;0;0;0;0;0
TERRA (mil m3);mil m3;2000;REGIÃO NORDESTE;CEARÁ;59,8197;57,1;55,2;62;74;68,7;71;65,4;59;61,2;56,1;61,4;750,9197
TERRA (mil m3);mil m3;2000;REGIÃO NORDESTE;RIO GRANDE DO NORTE;10026,7468;7186,7;7335,5;7274,8;6966,2;6804,2;7601,9;7896,2;7808,4;7460,9;6402,6;6716;89480,1468
TERRA (mil m3);mil m3;2000;REGIÃO NORDESTE;ALAGOAS;242,99;166,3;122,8;361,2;320,2;236,4;296,6;271,2;215,5;332,9;372,3;285,6;3223,99
TERRA (mil m3);mil m3;2000;REGIÃO NORDESTE;SERGIPE;672,0667;869,4;553,1;798,9;570,2;935,9;586,7;526,5;541,5;1088,8;608,4;655,9;8407,3667
TERRA (mil m3);mil m3;2000;REGIÃO NORDESTE;BAHIA;4145,448;3704,7;4090,6;4777;4802,9;4300,3;4000;3828,2;3970,9;4267,9;4380,4;4444,9;50713,248
TERRA (mil m3);mil m3;2000;REGIÃO SUDESTE;ESPÍRITO SANTO;4757,6414;2523,4;1638,7;1462,8;1940,2;1701,8;1907,2;2363,9;2179,7;2179,8;2009,2;2083,7;26748,0414
TERRA (mil m3);mil m3;2000;REGIÃO SUDESTE;RIO DE JANEIRO;0;0;0;0;0;0;0;0;0;0;0;0;0
TERRA (mil m3);mil m3;2000;REGIÃO SUDESTE;SÃO PAULO;0;0;0;0;0;0;0;0;0;0;0;0;0
TERRA (mil m3);mil m3;2000;REGIÃO SUL;PARANÁ;0;0;0;0;0;0;0;0;0;0;0;0;0
MAR (mil m3);mil m3;2000;REGIÃO NORTE;AMAZONAS;0;0;0;0;0;0;0;0;0;0;0;0;0
MAR (mil m3);mil m2;2000;REGIÃO NORDESTE;MARANHÃO;0;0;0;0;0;0;0;0;0;0;0;0;0
MAR (mil m3);mil m3;2000;REGIÃO NORDESTE;CEARÁ;1047;1207;2233;947;1120;910;1018;659,4;806,7;884,4;708,8;871,7;12413
MAR (mil m3);mil m3;2000;REGIÃO NORDESTE;RIO GRANDE DO NORTE;1132,0734;1221,8;1308,6;1347,1;1181,1;1655;1668,7;1362,6;1464,3;1514,7;1444,5;1534,3;16834,7734
MAR (mil m3);mil m3;2000;REGIÃO NORDESTE;ALAGOAS;0;0;0;25,6;0;0;0;0;0;0;33,7;0;59,3
MAR (mil m3);mil m3;2000;REGIÃO NORDESTE;SERGIPE;1976,219;631,3;537,6;401,1;613,6;639,7;513,1;800;1453;1805;4172,3;860;14402,919
MAR (mil m3);mil m3;2000;REGIÃO NORDESTE;BAHIA;0,1099;0,5;0,7;0,9;2,1;3,5;7,1;0,3;0;0;0;0;15,2099
MAR (mil m3);mil m3;2000;REGIÃO SUDESTE;ESPÍRITO SANTO;47;43;46;45;47;45;41;27;30;31;30;31;463
MAR (mil m3);mil m3;2000;REGIÃO SUDESTE;RIO DE JANEIRO;141711,0001;110370;102429,8;110171;126806,1;157024,1;189363,5;160910,9;192542,5;195175,8;198950,2;234173,1;1919628,0001
MAR (mil m3);mil m3;2000;REGIÃO SUDESTE;SÃO PAULO;0;0;0;0;0;0;0;0;0;0;0;0;0
MAR (mil m3);mil m3;2000;REGIÃO SUL;PARANÁ;4508;5258;5092;5565;5546;4934;4325;2275;2567;2306;2228;2084;46688
TERRA (mil m3);mil m3;2001;REGIÃO NORTE;AMAZONAS;9986;11709;9176;7235;3831;6105;9708;7185;9120;7352;7248;10374;99029
TERRA (mil m3);mil m2;2001;REGIÃO NORDESTE;MARANHÃO;0;0;0;0;0;0;0;0;0;0;0;0;0
TERRA (mil m3);mil m3;2001;REGIÃO NORDESTE;CEARÁ;57,2;55,2;65,5;52,6;57,1;54,5;62,3;68,4;56,9;67,9;68,2;57;722,8
TERRA (mil m3);mil m3;2001;REGIÃO NORDESTE;RIO GRANDE DO NORTE;7102,1;7200,4;8350,2;9559,4;6938,8;6576;6699,8;7332,5;7418,5;8600,8;7963,2;6869,6;90611,3
TERRA (mil m3);mil m3;2001;REGIÃO NORDESTE;ALAGOAS;213;243,5;380,1;240,5;193,8;194,7;233,4;357,5;234,2;296,3;404,81;692,04;3683,85
TERRA (mil m3);mil m3;2001;REGIÃO NORDESTE;SERGIPE;955,9;462,1;470,6;471,5;590;562,3;425;472,3;456,1;402;464,5;519,1;6251,4
TERRA (mil m3);mil m3;2001;REGIÃO NORDESTE;BAHIA;4317,7;3770,1;5103,5;4465,9;3765,9;2836;2788,5;2812;2474,5;2587,2;2518;2600,4;40039,7
TERRA (mil m3);mil m3;2001;REGIÃO SUDESTE;ESPÍRITO SANTO;1980;1960,3;2325,3;1972,2;1859;1629,1;1772,9;1929,2;1855,4;1832,1;1429,2;1614,5;22159,2
TERRA (mil m3);mil m3;2001;REGIÃO SUDESTE;RIO DE JANEIRO;0;0;0;0;0;0;0;0;0;0;0;0;0
TERRA (mil m3);mil m3;2001;REGIÃO SUDESTE;SÃO PAULO;0;0;0;0;0;0;0;0;0;0;0;0;0
TERRA (mil m3);mil m3;2001;REGIÃO SUL;PARANÁ;0;0;0;0;0;0;0;0;0;0;0;0;0
MAR (mil m3);mil m3;2001;REGIÃO NORTE;AMAZONAS;0;0;0;0;0;0;0;0;0;0;0;0;0
MAR (mil m3);mil m2;2001;REGIÃO NORDESTE;MARANHÃO;0;0;0;0;0;0;0;0;0;0;0;0;0
MAR (mil m3);mil m3;2001;REGIÃO NORDESTE;CEARÁ;878,2;871,4;1005,3;883,3;1018,1;1053,5;962,9;1087,9;3674,9;1947,5;919,5;1098;15400,5
MAR (mil m3);mil m3;2001;REGIÃO NORDESTE;RIO GRANDE DO NORTE;1731,1;1466,5;1444,5;1334;1495,2;1332,6;1244,6;1277,9;1153,8;1116,4;1175,5;1300,8;16072,9
MAR (mil m3);mil m3;2001;REGIÃO NORDESTE;ALAGOAS;0;0;0;0;0;0;0;0;0;0;0;0;0
MAR (mil m3);mil m3;2001;REGIÃO NORDESTE;SERGIPE;942,87;831,9;902;841;1041;773,9;1208;1172;1066,9;1498,1;1017,31;675;11969,98
MAR (mil m3);mil m3;2001;REGIÃO NORDESTE;BAHIA;0;0;0;0;0;0;0;0;0;0;0;0;0
MAR (mil m3);mil m3;2001;REGIÃO SUDESTE;ESPÍRITO SANTO;31;28;30;38,8;10,8;8,6;11;9,7;8,9;9,3;4,4;5,6;196,1
MAR (mil m3);mil m3;2001;REGIÃO SUDESTE;RIO DE JANEIRO;186389,9;237622,4;192508,4;191545,4;196698,7;180440;167366,9;204499,1;164154,3;147175,6;173088,1;236166,3;2277655,1
MAR (mil m3);mil m3;2001;REGIÃO SUDESTE;SÃO PAULO;0;0;0;60;62;60;62;62;60;62;42;56;526
MAR (mil m3);mil m3;2001;REGIÃO SUL;PARANÁ;1930;1436;2365;3374;5732;3710;4273;3415;3008;2735;2298;2082;36358
TERRA (mil m3);mil m3;2002;REGIÃO NORTE;AMAZONAS;7774;6951;5706;9542;8925;4058;5504;6498;8106;7963;7305;6646;84978
TERRA (mil m3);mil m2;2002;REGIÃO NORDESTE;MARANHÃO;0;0;0;0;0;0;0;0;0;0;0;0;0
TERRA (mil m3);mil m3;2002;REGIÃO NORDESTE;CEARÁ;61,1;51,1;64,2;51,9;56,4;56;53,4;51,1;50,7;61,7;56,9;54,5;669
TERRA (mil m3);mil m3;2002;REGIÃO NORDESTE;RIO GRANDE DO NORTE;6412,8;4318,2;5148,9;5160,2;4939,8;4398,6;4509,8;3480,7;4568,8;5381,4;5370,9;4964,4;58654,5
TERRA (mil m3);mil m3;2002;REGIÃO NORDESTE;ALAGOAS;372,5;300,56;292,95;325,74;293,91;322,84;285,38;335;370;312;360;679;4249,88
TERRA (mil m3);mil m3;2002;REGIÃO NORDESTE;SERGIPE;495;306,4;319,7;1343,6;860,3;353,5;454,4;487,8;391,3;467,6;544,2;506,7;6530,5
TERRA (mil m3);mil m3;2002;REGIÃO NORDESTE;BAHIA;2575,6;2432;2688,447;2424,72;2355,64;2220,6;2160,2386;2153,6;2082,3;2289,1778;2341,0618;2682,1943;28405,5795
TERRA (mil m3);mil m3;2002;REGIÃO SUDESTE;ESPÍRITO SANTO;1768;1562,8;1793,1;1746,2;2070,8;2213,8;2231,2;3247,7;2581,6;2030;2000,9;2154,6;25400,7
TERRA (mil m3);mil m3;2002;REGIÃO SUDESTE;RIO DE JANEIRO;0;0;0;0;0;0;0;0;0;0;0;0;0
TERRA (mil m3);mil m3;2002;REGIÃO SUDESTE;SÃO PAULO;0;0;0;0;0;0;0;0;0;0;0;0;0
TERRA (mil m3);mil m3;2002;REGIÃO SUL;PARANÁ;0;0;0;0;0;0;0;0;0;0;0;0;0
MAR (mil m3);mil m3;2002;REGIÃO NORTE;AMAZONAS;0;0;0;0;0;0;0;0;0;0;0;0;0
MAR (mil m3);mil m2;2002;REGIÃO NORDESTE;MARANHÃO;0;0;0;0;0;0;0;0;0;0;0;0;0
MAR (mil m3);mil m3;2002;REGIÃO NORDESTE;CEARÁ;1025;951;1054;545;733;674;689;1348;987;862;655;1145;10668
MAR (mil m3);mil m3;2002;REGIÃO NORDESTE;RIO GRANDE DO NORTE;1325,8;1022,3;2063,8;1352,8;1898,2;1342,9;938;1128,6;850,3;953,3;1065,5;1321;15262,5
MAR (mil m3);mil m3;2002;REGIÃO NORDESTE;ALAGOAS;0;0;0;18,8;0;0;0;22,5;0;0;0;0;41,3
MAR (mil m3);mil m3;2002;REGIÃO NORDESTE;SERGIPE;669;617;1565;1475,8;693;814;857;709,5;761,2;789,2;339,4;333,4;9623,5
MAR (mil m3);mil m3;2002;REGIÃO NORDESTE;BAHIA;0;0;0;0;0;8,1;31;24,3;22,3;23,4;23,3;3;135,4
MAR (mil m3);mil m3;2002;REGIÃO SUDESTE;ESPÍRITO SANTO;6,3;11,9;14,2;5,6;7,6;6;4,5;5,5;5,3;5,4;5,3;5,4;83
MAR (mil m3);mil m3;2002;REGIÃO SUDESTE;RIO DE JANEIRO;237058;231222,1;249591,9;219168,2;165291,1;125245,1;120069,1;97311;99053;99219,2;99341,9;139245,1;1881815,7
MAR (mil m3);mil m3;2002;REGIÃO SUDESTE;SÃO PAULO;62;56;62;60;62;50;62;62;60;62;60;62;720
MAR (mil m3);mil m3;2002;REGIÃO SUL;PARANÁ;1851;668;150;961;3667;1512;43;0;0;0;0;0;8852
TERRA (mil m3);mil m3;2003;REGIÃO NORTE;AMAZONAS;7012;6394;5455;4510;7448;12179;9665;25745;6832;11815;11340;6640;115035
TERRA (mil m3);mil m2;2003;REGIÃO NORDESTE;MARANHÃO;0;0;0;0;0;0;0;0;0;0;0;0;0
TERRA (mil m3);mil m3;2003;REGIÃO NORDESTE;CEARÁ;57,1;55,1;64;65,3;62,8;75,5;70,7;70;68,81;63;61,74;66,28;780,33
TERRA (mil m3);mil m3;2003;REGIÃO NORDESTE;RIO GRANDE DO NORTE;4260,4;4190,8;3857,44;4439,2;5131,4;5197,5;5338,64;5415,14;4219,13;3368;2268,66;2350,36;50036,67
TERRA (mil m3);mil m3;2003;REGIÃO NORDESTE;ALAGOAS;567;489;432;405;414;335;483,72;417;429,4;598,85;470,49;396,7;5438,16
TERRA (mil m3);mil m3;2003;REGIÃO NORDESTE;SERGIPE;419;598,2;437,34;416,4;425;716,1;640,83;582,85;645,29;736;624,63;669,19;6910,83
TERRA (mil m3);mil m3;2003;REGIÃO NORDESTE;BAHIA;2819;2169,4;2455,38;2441,5;2472,7;2347;2491,89;2629;2511,79;2764,16;2578,92;2758,8;30439,54
TERRA (mil m3);mil m3;2003;REGIÃO SUDESTE;ESPÍRITO SANTO;2456,7;2786,8;2362,3;1935,2;2028,8;2331,3;1991,63;1460;1699;1622;1457,21;1499,81;23630,75
TERRA (mil m3);mil m3;2003;REGIÃO SUDESTE;RIO DE JANEIRO;0;0;0;0;0;0;0;0;0;0;0;0;0
TERRA (mil m3);mil m3;2003;REGIÃO SUDESTE;SÃO PAULO;0;0;0;0;0;0;0;0;0;0;0;0;0
TERRA (mil m3);mil m3;2003;REGIÃO SUL;PARANÁ;0;0;0;0;0;0;;0;0;0;0;0;0
MAR (mil m3);mil m3;2003;REGIÃO NORTE;AMAZONAS;0;0;0;0;0;0;0;0;0;0;0;0;0
MAR (mil m3);mil m2;2003;REGIÃO NORDESTE;MARANHÃO;0;0;0;0;0;0;0;0;0;0;0;0;0
MAR (mil m3);mil m3;2003;REGIÃO NORDESTE;CEARÁ;943;678;685;862;726;663;680;1869;1720;812;656;651;10945
MAR (mil m3);mil m3;2003;REGIÃO NORDESTE;RIO GRANDE DO NORTE;1208,4;1384,7;1189,1;1173,7;1246,4;2476,8;943;972,93;1033;1000;1389,06;1472,6;15489,69
MAR (mil m3);mil m3;2003;REGIÃO NORDESTE;ALAGOAS;0;0;0;0;0;0;105;0;0;0;0;0;105
MAR (mil m3);mil m3;2003;REGIÃO NORDESTE;SERGIPE;290;747;312;208;346,4;338,7;314;347,45;1733;2106;1490,1;1352,77;9585,42
MAR (mil m3);mil m3;2003;REGIÃO NORDESTE;BAHIA;23,1;20,6;22,8;23,5;30,2;30;24;23,27;23;23;24,79;22,98;291,24
MAR (mil m3);mil m3;2003;REGIÃO SUDESTE;ESPÍRITO SANTO;5,4;4,9;3205;3031,3;3556,4;1446,3;3447,6;4657,47;5185;4465;4414,26;4554,42;37973,05
MAR (mil m3);mil m3;2003;REGIÃO SUDESTE;RIO DE JANEIRO;134288,2;115673,1;122337;122871,9;108680,2;86101,9;88935;84535;86458;105430;108206,31;99590,83;1263107,44
MAR (mil m3);mil m3;2003;REGIÃO SUDESTE;SÃO PAULO;0;56;62;60;62;60;62;62;60;62;54;44;644
MAR (mil m3);mil m3;2003;REGIÃO SUL;PARANÁ;0;1396;0;0;2360;4972;4981;10453;10819;8373;6653;5611;55618
TERRA (mil m3);mil m3;2004;REGIÃO NORTE;AMAZONAS;21144;10337;12630;11492;14149;10944;20312;15365;20569;27017;24875;42936;231770
TERRA (mil m3);mil m2;2004;REGIÃO NORDESTE;MARANHÃO;0;0;0;0;0;0;0;0;0;0;0;0;0
TERRA (mil m3);mil m3;2004;REGIÃO NORDESTE;CEARÁ;67;64,3973;64,3395;64,9778;32,1861;32,9098;57,6114;53,636;52,9632;59,0174;52;42,9285;643,967
TERRA (mil m3);mil m3;2004;REGIÃO NORDESTE;RIO GRANDE DO NORTE;2567,72;2174,5271;2436,0323;2511,2974;2950,0716;2590,8443;2757,8289;3052,3794;2382,3514;2412,6017;2125;2340,7647;30301,4188
TERRA (mil m3);mil m3;2004;REGIÃO NORDESTE;ALAGOAS;323,48;481,3601;448,8079;442,4299;588,9701;468,19;308,5;415,88;441,3999;498,59;412;499,1781;5328,786
TERRA (mil m3);mil m3;2004;REGIÃO NORDESTE;SERGIPE;799,9;871,8392;1350,1941;1033,148;928,3043;1077,8856;1300,1692;1538,712;986,99;926,4889;1882;2453,0853;15148,7166
TERRA (mil m3);mil m3;2004;REGIÃO NORDESTE;BAHIA;2665,95;2570,1277;2694,5769;2556,5135;2595,6594;2362,2311;2387,6003;2761,251;2780,1267;2868,0458;2921;2814,3141;31977,3965
TERRA (mil m3);mil m3;2004;REGIÃO SUDESTE;ESPÍRITO SANTO;1858,23;1304,4878;1568,1322;1321,6131;1344,5289;1510,8456;1384,7984;1712,6225;1575,1423;1746,3868;1469;1592,6043;18388,3919
TERRA (mil m3);mil m3;2004;REGIÃO SUDESTE;RIO DE JANEIRO;0;0;0;0;0;0;0;0;0;0;0;0;0
TERRA (mil m3);mil m3;2004;REGIÃO SUDESTE;SÃO PAULO;0;0;0;0;0;0;0;0;0;0;0;0;0
TERRA (mil m3);mil m3;2004;REGIÃO SUL;PARANÁ;0;0;0;0;0;0;0;0;0;0;0;0;0
MAR (mil m3);mil m3;2004;REGIÃO NORTE;AMAZONAS;0;0;0;0;0;0;0;0;0;0;0;0;0
MAR (mil m3);mil m2;2004;REGIÃO NORDESTE;MARANHÃO;0;0;0;0;0;0;0;0;0;0;0;0;0
MAR (mil m3);mil m3;2004;REGIÃO NORDESTE;CEARÁ;541;478;511;444;470;513;543;744;776;760;761;721;7262
MAR (mil m3);mil m3;2004;REGIÃO NORDESTE;RIO GRANDE DO NORTE;1465,53;1445,0893;1560,2464;1549,5565;1657,7368;1698,8919;1700,6365;1516,6797;1510,6936;1373,3585;1364;1398,6083;18241,0275
MAR (mil m3);mil m3;2004;REGIÃO NORDESTE;ALAGOAS;0;0;0;0;136,5;0;0;0;0;0;0;0;136,5
MAR (mil m3);mil m3;2004;REGIÃO NORDESTE;SERGIPE;2601,45;2750,028;2485,611;2001,599;2106,213;1415,475;981,358;806,521;644,337;953,1341;1322;946,14;19013,8661
MAR (mil m3);mil m3;2004;REGIÃO NORDESTE;BAHIA;23,33;21,6758;23,4534;20;19,7412;22,0954;20,5227;20,4865;20,0275;20,5907;20;20,6898;252,613
MAR (mil m3);mil m3;2004;REGIÃO SUDESTE;ESPÍRITO SANTO;14,85;14,6891;14,8401;1604,3937;4499,6053;4196,1302;3402;2361,3668;1934,3476;1107,3681;2239;2339,7114;23728,3023
MAR (mil m3);mil m3;2004;REGIÃO SUDESTE;RIO DE JANEIRO;70353,52;82231,8492;70996,1289;74338,45;81191,6442;102856,2312;106877;74638,533;71551,1552;80460,6631;87244;98987,842;1001727,0168
MAR (mil m3);mil m3;2004;REGIÃO SUDESTE;SÃO PAULO;62;58;62;60;62;60;62;60;60;55;32;62;695
MAR (mil m3);mil m3;2004;REGIÃO SUL;PARANÁ;4759;5549;6644;4677;5214;5770;6190;5979;5724;4380;3954;5184;64024
TERRA (mil m3);mil m3;2005;REGIÃO NORTE;AMAZONAS;29756;38634;104122;104708;95798;89414;93822;95788;79154;63206;92879;19688;906969
TERRA (mil m3);mil m2;2005;REGIÃO NORDESTE;MARANHÃO;0;0;0;0;0;0;0;0;0;0;0;0;0
TERRA (mil m3);mil m3;2005;REGIÃO NORDESTE;CEARÁ;43,4705;27,254;42,8118;42,5788;45,3328;34,283;40;42;39;40;40;39;475,7309
TERRA (mil m3);mil m3;2005;REGIÃO NORDESTE;RIO GRANDE DO NORTE;2212,0289;2146,0764;2472,7609;2360,0569;2217,9666;2011,0951;1968;1938;1827;1812;1770;1919;24653,9848
TERRA (mil m3);mil m3;2005;REGIÃO NORDESTE;ALAGOAS;783,359;601,212;720,328;597,8331;590,0611;530;425;701;404;333;528;1095;7308,7932
TERRA (mil m3);mil m3;2005;REGIÃO NORDESTE;SERGIPE;3026,607;2520,2283;2391,3648;2118,1474;2270,7265;1676;1699;1742;2515;2056;2154;2150;26319,074
TERRA (mil m3);mil m3;2005;REGIÃO NORDESTE;BAHIA;2625,2315;2331,3656;2507,044;2429,8897;2496,0701;2368,8752;2445;2458;2926;3670;3315;3558;33130,4761
TERRA (mil m3);mil m3;2005;REGIÃO SUDESTE;ESPÍRITO SANTO;2107,4029;2193,0017;1898,1901;1673,5733;1523,5216;1660,0326;1561;1832;1819;2304;1945;1987;22503,7222
TERRA (mil m3);mil m3;2005;REGIÃO SUDESTE;RIO DE JANEIRO;0;0;0;0;0;0;0;0;0;0;0;0;0
TERRA (mil m3);mil m3;2005;REGIÃO SUDESTE;SÃO PAULO;0;0;0;0;0;0;0;0;0;0;0;0;0
TERRA (mil m3);mil m3;2005;REGIÃO SUL;PARANÁ;0;0;0;0;0;0;0;0;0;0;0;0;0
MAR (mil m3);mil m3;2005;REGIÃO NORTE;AMAZONAS;0;0;0;0;0;0;0;0;0;0;0;0;0
MAR (mil m3);mil m2;2005;REGIÃO NORDESTE;MARANHÃO;0;0;0;0;0;0;0;0;0;0;0;0;0
MAR (mil m3);mil m3;2005;REGIÃO NORDESTE;CEARÁ;694;636;855;663;621;627;728;719;663;711;567;536;8020
MAR (mil m3);mil m3;2005;REGIÃO NORDESTE;RIO GRANDE DO NORTE;1486,0647;1327,3851;1518,7513;1381,3798;1481,5017;1381,0256;1416;1434;1370;1345;1375;1435;16951,1082
MAR (mil m3);mil m3;2005;REGIÃO NORDESTE;ALAGOAS;0;0;0;0;0;0;0;0;0;0;0;0;0
MAR (mil m3);mil m3;2005;REGIÃO NORDESTE;SERGIPE;778,014;1086,0199;854,77;881,695;612,0771;873,7061;549;390;708;325;578;518;8154,2821
MAR (mil m3);mil m3;2005;REGIÃO NORDESTE;BAHIA;20,3348;18,692;20,7685;18,9045;19,3429;18,5111;19;18;16;18;17;17;221,5538
MAR (mil m3);mil m3;2005;REGIÃO SUDESTE;ESPÍRITO SANTO;2142,9384;2443,8031;3104,6461;3012,1702;1101,246;2805,0716;1349;2730;2325;1799;2051;2304;27167,8754
MAR (mil m3);mil m3;2005;REGIÃO SUDESTE;RIO DE JANEIRO;80444,1421;81335,5951;109153,668;156963,3453;198830,2528;165355;110187;86674;64483;80787;106513;85373;1326099,0033
MAR (mil m3);mil m3;2005;REGIÃO SUDESTE;SÃO PAULO;62;56;62;60;62;60;62;62;60;62;60;62;730
MAR (mil m3);mil m3;2005;REGIÃO SUL;PARANÁ;6104;6173;5117;4719;6598;6558;5826;5453;4304;5680;5594;3611;65737
TERRA (mil m3);mil m3;2006;REGIÃO NORTE;AMAZONAS;14024;14321,1;16482,741;14100,957;15237,06;14237,793;10586,53;13669,175;12616,253;13637,323;13805,564;14102,781;166821,277
TERRA (mil m3);mil m2;2006;REGIÃO NORDESTE;MARANHÃO;0;0;0;0;0;0;0;0;0;0;0;0;0
TERRA (mil m3);mil m3;2006;REGIÃO NORDESTE;CEARÁ;272,4068;32,8693;40,3519;30,9196;40,9494;46,8822;35,8723;35,0842;33,8632;35,8723;43,9851;43,0936;692,1499
TERRA (mil m3);mil m3;2006;REGIÃO NORDESTE;RIO GRANDE DO NORTE;1832,7662;2339,5914;2603,7668;3014,7974;3130,4789;3022,4268;3121,3814;2446,5097;2291,66;1991,8483;1872,3666;2125,5442;29793,1377
TERRA (mil m3);mil m3;2006;REGIÃO NORDESTE;ALAGOAS;1004;700,525;431,701;590,871;488,9379;581,511;403,691;403,167;375,647;842,217;689,33;470,727;6982,3249
TERRA (mil m3);mil m3;2006;REGIÃO NORDESTE;SERGIPE;2329,8234;2212,8255;2828,3669;2323,0665;2771,6919;2499,505;2651,409;2978,2464;2787,1796;2976,7865;3179,1746;3279,3938;32817,4691
TERRA (mil m3);mil m3;2006;REGIÃO NORDESTE;BAHIA;3665;3389,02622902743;3177,1764;3262,5889;3654,2345;3447,1573;3646,9577;4096,7408;4179,4046;4490,6554;4312,0811;4832,754;46153,7769290274
TERRA (mil m3);mil m3;2006;REGIÃO SUDESTE;ESPÍRITO SANTO;1972,6206;1795,1458;1802,2023;1645,5531;2470,4782;1719,2817;2000,7005;2333,9253;1928,2963;1787,2964;1595,9347;1856,7102;22908,1451
TERRA (mil m3);mil m3;2006;REGIÃO SUDESTE;RIO DE JANEIRO;0;0;0;0;0;0;0;0;0;0;0;0;0
TERRA (mil m3);mil m3;2006;REGIÃO SUDESTE;SÃO PAULO;0;0;0;0;0;0;0;0;0;0;0;0;0
TERRA (mil m3);mil m3;2006;REGIÃO SUL;PARANÁ;0;0;0;0;0;0;0;0;0;0;0;0;0
MAR (mil m3);mil m3;2006;REGIÃO NORTE;AMAZONAS;0;0;0;0;0;0;0;0;0;0;0;0;0
MAR (mil m3);mil m2;2006;REGIÃO NORDESTE;MARANHÃO;0;0;0;0;0;0;0;0;0;0;0;0;0
MAR (mil m3);mil m3;2006;REGIÃO NORDESTE;CEARÁ;274;547;631;553;629;436;408;459;473;441;421;440;5712
MAR (mil m3);mil m3;2006;REGIÃO NORDESTE;RIO GRANDE DO NORTE;1330,7463;1104,9783;1292,8426;1189,7841;1043,4926;975,8446;1012,6778;1043,8829;1024,0353;1143,4233;1032,2176;878,9761;13072,9015
MAR (mil m3);mil m3;2006;REGIÃO NORDESTE;ALAGOAS;0;0;0;0;0;0;0;0;0;0;0;0;0
MAR (mil m3);mil m3;2006;REGIÃO NORDESTE;SERGIPE;689,226;860,8469;1138,661;654,206;997,082;906,1179;1071,606;694,5282;504,0326;622,4735;395,1271;552,8558;9086,763
MAR (mil m3);mil m3;2006;REGIÃO NORDESTE;BAHIA;17;15,4425;15,8328;16,2872;16,58;15,7968;16,1993;16,2116;15,3688;15,1035;13,6638;15,1809;188,6672
MAR (mil m3);mil m3;2006;REGIÃO SUDESTE;ESPÍRITO SANTO;694,8393;2186,8384;3316,6271;3473,0341;33924,583;56477,2685;49769,5901;36298,1638;20171,2712;14267,0796;11969,8649;11356,0289;243905,1889
MAR (mil m3);mil m3;2006;REGIÃO SUDESTE;RIO DE JANEIRO;84270,364;91818,671;107451,8059;95211,5432;137750,6688;111260,1488;106949,0671;99526,4251;86354,4951;117876,198;85283,3569;112144,687;1235897,4309
MAR (mil m3);mil m3;2006;REGIÃO SUDESTE;SÃO PAULO;62;56;62;462;479;60;62;62;60;62;60;64;1551
MAR (mil m3);mil m3;2006;REGIÃO SUL;PARANÁ;6481;2656;2611;3731;3727;2548;2580;2749;2137;1962;2583;2361;36126
TERRA (mil m3);mil m3;2007;REGIÃO NORTE;AMAZONAS;12703,414;11207,439;8433,446;8480,551;7500,511;18391,663;11673,734;11940,209;11852,301;15533,145;19066,521;22721,43;159504,364
TERRA (mil m3);mil m2;2007;REGIÃO NORDESTE;MARANHÃO;0;0;0;0;0;0;0;0;0;0;0;0;0
TERRA (mil m3);mil m3;2007;REGIÃO NORDESTE;CEARÁ;55,1257;51,5047;56,5071;51,8475;50,7425;50,8053;54,4658;50,964;51,677;46,6531;45,037;53,3457;618,6754
TERRA (mil m3);mil m3;2007;REGIÃO NORDESTE;RIO GRANDE DO NORTE;2076,7555;1806,339;1853,5708;1577,1145;1722,0356;1730,5798;1708,6927;1586,6037;1727,4332;1648,4442;1759,4771;1921,2231;21118,2692
TERRA (mil m3);mil m3;2007;REGIÃO NORDESTE;ALAGOAS;520,717;509,4421;490,3648;451,1803;704,3824;481,2703;656,907;662,0447;608,9287;594,794;793,3209;509,9319;6983,2841
TERRA (mil m3);mil m3;2007;REGIÃO NORDESTE;SERGIPE;2795,596;2446,6758;2666,9651;1649,3239;2596,5306;2607,3412;2517,0378;2378,7211;2024,8705;2203,2141;3360,5241;2717,238;29964,0382
TERRA (mil m3);mil m3;2007;REGIÃO NORDESTE;BAHIA;4517,8417;4044,9497;4409,0281;4892,3993;4824,1816;4488,618;4783,1053;3840,9383;3305,4532;2761,8694;3210,1147;3101,3759;48179,8752
TERRA (mil m3);mil m3;2007;REGIÃO SUDESTE;ESPÍRITO SANTO;2543,0111;2035,8878;2227,6497;2828,7093;3191,7947;3826,3962;3409,7704;3065,7798;2574,073;2423,6597;2359,3747;2065,6303;32551,7367
TERRA (mil m3);mil m3;2007;REGIÃO SUDESTE;RIO DE JANEIRO;0;0;0;0;0;0;0;0;0;0;;;0
TERRA (mil m3);mil m3;2007;REGIÃO SUDESTE;SÃO PAULO;0;0;0;0;0;0;0;0;0;0;;;0
TERRA (mil m3);mil m3;2007;REGIÃO SUL;PARANÁ;0;0;0;0;0;0;0;0;0;0;;;0
MAR (mil m3);mil m3;2007;REGIÃO NORTE;AMAZONAS;0;0;0;0;0;0;0;0;0;0;;;0
MAR (mil m3);mil m2;2007;REGIÃO NORDESTE;MARANHÃO;0;0;0;0;0;0;0;0;0;0;0;0;0
MAR (mil m3);mil m3;2007;REGIÃO NORDESTE;CEARÁ;385;303;321;318;328;325;313;338;318;274;252;278;3753
MAR (mil m3);mil m3;2007;REGIÃO NORDESTE;RIO GRANDE DO NORTE;940,1652;982,3306;1016,4439;1019,4892;1104,2857;954,7582;882,0916;943,4296;891,4563;910,6766;826,8552;870,2796;11342,2617
MAR (mil m3);mil m3;2007;REGIÃO NORDESTE;ALAGOAS;;;;;0,6821;0;0;0;;0;0;;0,6821
MAR (mil m3);mil m3;2007;REGIÃO NORDESTE;SERGIPE;508,8951;565,1669;387,6744;1279,8621;193,3343;553,5317;627,4983;460,099;542,8932;8947,743;10971,017;9216,5714;34254,2864
MAR (mil m3);mil m3;2007;REGIÃO NORDESTE;BAHIA;301,4949;450,0326;90,2927;73,532;76,488;74,994;77,047;82,513;80,7475;86,1711;81,4075;81,7918;1556,5121
MAR (mil m3);mil m3;2007;REGIÃO SUDESTE;ESPÍRITO SANTO;8653,0667;13530,4242;19764,3899;9523,5815;16300,2447;12697,3333;11819,9401;13396,0593;11559,2546;12028,1312;11701,0837;21355,3694;162328,8786
MAR (mil m3);mil m3;2007;REGIÃO SUDESTE;RIO DE JANEIRO;123201,164;108093,9952;110244,0239;104811,1952;148252,0712;120076,791;154304,7229;113584,0152;86880,2349;97250,8841;96478,473;137269,236;1400446,8066
MAR (mil m3);mil m3;2007;REGIÃO SUDESTE;SÃO PAULO;62;56;574;1403;458;432;62;62;49;62;60;62;3342
MAR (mil m3);mil m3;2007;REGIÃO SUL;PARANÁ;2373;1886;3134;4402;3901;2475;2400;2545,505;1810,767;3143,912;2288,453;1184,75;31544,387
TERRA (mil m3);mil m3;2008;REGIÃO NORTE;AMAZONAS;15618,022;14617,918;15393,719;13821,345;15276,83;14868,052;15117,998;14543,162;12206,09399;15196,49699;10856,70099;15974,901;173491,23897
TERRA (mil m3);mil m2;2008;REGIÃO NORDESTE;MARANHÃO;0;0;0;0;0;0;0;0;0;0;0;0;0
TERRA (mil m3);mil m3;2008;REGIÃO NORDESTE;CEARÁ;42,1652;36,6605;35,28971;40,92951;43,69284;42,59039;49,98155;52,65279;52,34177;58,38359;60,21643;62,92725;577,83153
TERRA (mil m3);mil m3;2008;REGIÃO NORDESTE;RIO GRANDE DO NORTE;1704,6119;1621,3955;1599,15311;1471,39617;1545,13704;1394,0506;1444,8783332;1582,863175;1428,71539;1361,92916;1241,72042;1318,85386;17714,7046582
TERRA (mil m3);mil m3;2008;REGIÃO NORDESTE;ALAGOAS;646,6342;765,0822;614,71698;1069,11039;731,00814086034;583,918061698293;554,278375295227;497,352;525,1168;627,14139;721,18099;474,61322;7810,15274785386
TERRA (mil m3);mil m3;2008;REGIÃO NORDESTE;SERGIPE;2581,881;2325,7509;2674,332551;2684,68057;2753,11563;2807,79751;3229,78803;2196,04211;2284,36076;4755,3173;3255,34871;2856,68406;34405,099131
TERRA (mil m3);mil m3;2008;REGIÃO NORDESTE;BAHIA;2731,3934;2409,9608;2566,36466;2885,29901626805;2750,04269637917;2679,43105880369;2701,96135114;4348,14877511648;3167,62879227421;3146,27659018765;2961,77164855311;2592,7294741067;34941,0082628291
TERRA (mil m3);mil m3;2008;REGIÃO SUDESTE;ESPÍRITO SANTO;2174,6068;1542,896;1171,10487;1273,16506;2233,833535;1865,474428;1692,09451;2095,594844;1291,44887;2099,78294;1594,71795;2006,22971;21040,949517
TERRA (mil m3);mil m3;2008;REGIÃO SUDESTE;RIO DE JANEIRO;0;0;0;0;0;0;0;0;0;0;0;0;0
TERRA (mil m3);mil m3;2008;REGIÃO SUDESTE;SÃO PAULO;0;0;0;0;0;0;0;0;0;0;0;0;0
TERRA (mil m3);mil m3;2008;REGIÃO SUL;PARANÁ;0;0;0;0;0;0;0;0;0;0;0;0;0
MAR (mil m3);mil m3;2008;REGIÃO NORTE;AMAZONAS;0;0;0;0;0;0;0;0;0;0;0;0;0
MAR (mil m3);mil m2;2008;REGIÃO NORDESTE;MARANHÃO;0;0;0;0;0;0;0;0;0;0;0;0;0
MAR (mil m3);mil m3;2008;REGIÃO NORDESTE;CEARÁ;240;271;256;273;250;255;286;292;266;274;314;333;3310
MAR (mil m3);mil m3;2008;REGIÃO NORDESTE;RIO GRANDE DO NORTE;781,1194;796,0934;992,28111;1267,91257;1509,90603;1574,97784;1592,42915;1482,5241;1446,04745;1726,37061;1840,51539;1520,10507;16530,28212
MAR (mil m3);mil m3;2008;REGIÃO NORDESTE;ALAGOAS;0;0;0;0;0;0;0;0;0;0;0;0;0
MAR (mil m3);mil m3;2008;REGIÃO NORDESTE;SERGIPE;8344,3035;2730,4999;5703,538829;1930,523;1882,2293;14314,385;17839,604;18326,777;29393,04297;21962,89098;6904,75098;1743,67498;131076,220439
MAR (mil m3);mil m3;2008;REGIÃO NORDESTE;BAHIA;83,1909;78,522;84,79993;77,49813;79,54352;76,14483;79,54448;80,76458;77,73131;81,31244;107,56467;85,77494;992,39173
MAR (mil m3);mil m3;2008;REGIÃO SUDESTE;ESPÍRITO SANTO;18599,6822;15758,8116;15173,221;15300,91157;17941,012665;14644,564342;10295,7911;12794,529256;16324,20928;19676,97805;15970,75103;19111,60547;191592,067563
MAR (mil m3);mil m3;2008;REGIÃO SUDESTE;RIO DE JANEIRO;129183,54;102584,1622;95983,466;96841,693;130804,81853;141149,59315;130191,74484;125206,347;129755,28336;160854,42512;139637,18535;150847,6879;1533039,94645
MAR (mil m3);mil m3;2008;REGIÃO SUDESTE;SÃO PAULO;62;58;62;53;62;60;62;62;60;14;54;62;671
MAR (mil m3);mil m3;2008;REGIÃO SUL;PARANÁ;2063,792;1072,047;2244,112;1930,112;2326,241;2580,705;2867,31;2673,476;1153,417;397,192;269,902;162,434;19740,74
TERRA (mil m3);mil m3;2009;REGIÃO NORTE;AMAZONAS;16582,40799;14645,16799;15275,32399;14236,99399;15257,14299;14848,68399;21162,85799;21657,88199;19202,54799;9005,90499;9445,82399;8047,26299;179368,00088
TERRA (mil m3);mil m2;2009;REGIÃO NORDESTE;MARANHÃO;0;0;0;0;0;0;0;0;0;0;0;0;0
TERRA (mil m3);mil m3;2009;REGIÃO NORDESTE;CEARÁ;55,84369;49,81678;55,00816;51,99673;52,59558;46,52454;53,55326;54,32163;51,16244;49,5347;45,67314;46,72631;612,75696
TERRA (mil m3);mil m3;2009;REGIÃO NORDESTE;RIO GRANDE DO NORTE;1281,43535;1155,46537;1379,53392;1295,433662;1556,3074;1874,02438;1902,432006;1779,290536;2008,29675;1774,99603;1803,67844;1929,35669;19740,250534
TERRA (mil m3);mil m3;2009;REGIÃO NORDESTE;ALAGOAS;947,13914;907,01198;852,15846;661,51938;789,74238;577,31688;592,37676;633,72836;578,697465333955;636,228026915;664,23959142;1037,13577634;8877,29420000895
TERRA (mil m3);mil m3;2009;REGIÃO NORDESTE;SERGIPE;1350,66394;1647,74178;1550,99429;2059,86228;2290,08326;1819,4381;2010,64985;2256,46751;2569,01215;1948,07873;1796,612;1935,7919;23235,39579
TERRA (mil m3);mil m3;2009;REGIÃO NORDESTE;BAHIA;2510,13570677392;2451,314193;2578,09211336;3638,08629526;3301,67892364;3238,82228452;3477,3514045;3275,02547;3068,76767;3453,13105;3114,8829;3240,35483507821;37347,6428461321
TERRA (mil m3);mil m3;2009;REGIÃO SUDESTE;ESPÍRITO SANTO;2423,99212;1873,08071;1547,06178;1378,62922;1759,28445;1754,76424;3245,8855;3382,66677;2717,9015;1909,61889;3632,32385;3596,67177;29221,8808
TERRA (mil m3);mil m3;2009;REGIÃO SUDESTE;RIO DE JANEIRO;0;0;0;0;0;0;0;0;0;0;0;0;0
TERRA (mil m3);mil m3;2009;REGIÃO SUDESTE;SÃO PAULO;0;0;0;0;0;0;0;0;0;0;0;0;0
TERRA (mil m3);mil m3;2009;REGIÃO SUL;PARANÁ;0;0;0;0;0;0;0;0;0;0;0;0;0
MAR (mil m3);mil m3;2009;REGIÃO NORTE;AMAZONAS;0;0;0;0;0;0;0;0;0;0;0;0;0
MAR (mil m3);mil m2;2009;REGIÃO NORDESTE;MARANHÃO;0;0;0;0;0;0;0;0;0;0;0;0;0
MAR (mil m3);mil m3;2009;REGIÃO NORDESTE;CEARÁ;310;254;279;270,6;323,1;362,7;291,1;326,8;292,8;264;260;284;3518,1
MAR (mil m3);mil m3;2009;REGIÃO NORDESTE;RIO GRANDE DO NORTE;1218,81168;972,99521;1065,33006;1020,37043;1042,14804;1100,21566;1090,29297;956,73636;887,53021;978,33252;919,9767;903,62726;12156,3671
MAR (mil m3);mil m3;2009;REGIÃO NORDESTE;ALAGOAS;0;0;0;0;0;0;0;0;0;0;0;0;0
MAR (mil m3);mil m3;2009;REGIÃO NORDESTE;SERGIPE;2671,63199;1329,62798;1383,37697;3060,36499;3740,42499;1616,55198;1656,20398;2788,36598;2487,59798;1948,90398;2233,87299;2861,15548;27778,07929
MAR (mil m3);mil m3;2009;REGIÃO NORDESTE;BAHIA;81,90982;73,95178;95,41748;85,77454;88,84121;89,70261;167,84567;95,22983;99,11727;108,59288;83,12789;97,78121;1167,29219
MAR (mil m3);mil m3;2009;REGIÃO SUDESTE;ESPÍRITO SANTO;11458,6852;9392,77645;17749,34129;18550,59797;19077,0028;28803,65062;26439,69004;35076,38918;46110;41018;30827;30652,3302;315155,46375
MAR (mil m3);mil m3;2009;REGIÃO SUDESTE;RIO DE JANEIRO;147622,58187;193056,9974;270594,57562;252994,66738;237755,10169;344588,78171;312429,03337;232859,62902;217299;193839;183356;176597,5974;2762992,96546
MAR (mil m3);mil m3;2009;REGIÃO SUDESTE;SÃO PAULO;62;56;62;60;67;60;62;48;2207,917;62;60;62;2868,917
MAR (mil m3);mil m3;2009;REGIÃO SUL;PARANÁ;0;0;0;0;0;0;0;0;0;0;0;0;0
TERRA (mil m3);mil m3;2010;REGIÃO NORTE;AMAZONAS;12278,79599;10848,61099;14078,43399;13854,89299;17999,58799;15720,20599;16706,41699;18326,85699;27342,75599;14588,00699;18456,19599;15127,88599;195328,64688
TERRA (mil m3);mil m2;2010;REGIÃO NORDESTE;MARANHÃO;0;0;0;0;0;0;0;0;0;0;0;0;0
TERRA (mil m3);mil m3;2010;REGIÃO NORDESTE;CEARÁ;49,80567;41,67172;47,68407;48,064;44,13868;43,95183;42,6472;49,40996;46,64055;47,87879;25,26429;46,09849;533,25525
TERRA (mil m3);mil m3;2010;REGIÃO NORDESTE;RIO GRANDE DO NORTE;1871,72165;1522,6482;1661,82077;1614,36654;1726,48898;1479,70847;1436,60109;1422,96548;1381,92446;1703,89747;1312,9476;1378,02963;18513,12034
TERRA (mil m3);mil m3;2010;REGIÃO NORDESTE;ALAGOAS;615,00383;481,63;699,52156;608,94918;690,87256;640,66023;742,84913;699,939;697,80708;643,84516;729,50789;891,66203;8142,24765
TERRA (mil m3);mil m3;2010;REGIÃO NORDESTE;SERGIPE;1654,88272;1784,8621;1993,54111;2041,36938;2373,4667;1277,01445;1555,02279;1655,08023;1930,21938;2048,281;1794,68331;1877,15876;21985,58193
TERRA (mil m3);mil m3;2010;REGIÃO NORDESTE;BAHIA;2989,62478;2373,50596;3207,5816;2578,36013;3077,21426;3162,87606;2987,31196;2779,78278;2540,05488;2536,61309;2605,40149;2978,42144;33816,74843
TERRA (mil m3);mil m3;2010;REGIÃO SUDESTE;ESPÍRITO SANTO;3372,69123;3043,82255;3089,0954;3462,78851;2959,64752;2422,29693;2541,84922;2704,9331;2254,89579;1656,97954;1523,04359;1472,79172;30504,8351
TERRA (mil m3);mil m3;2010;REGIÃO SUDESTE;RIO DE JANEIRO;0;0;0;0;0;0;0;0;0;0;0;0;0
TERRA (mil m3);mil m3;2010;REGIÃO SUDESTE;SÃO PAULO;0;0;0;0;0;0;0;0;0;0;0;0;0
TERRA (mil m3);mil m3;2010;REGIÃO SUL;PARANÁ;0;0;0;0;0;0;0;0;0;0;0;0;0
MAR (mil m3);mil m3;2010;REGIÃO NORTE;AMAZONAS;0;0;0;0;0;0;0;0;0;0;0;0;0
MAR (mil m3);mil m2;2010;REGIÃO NORDESTE;MARANHÃO;0;0;0;0;0;0;0;0;0;0;0;0;0
MAR (mil m3);mil m3;2010;REGIÃO NORDESTE;CEARÁ;202,7;80,1;206,1;213,8;239,1;242,7;253;252;214,1;211,4;212;212,048;2539,048
MAR (mil m3);mil m3;2010;REGIÃO NORDESTE;RIO GRANDE DO NORTE;871,86362;738,16505;845,89132;707,31172;821,23857;823,41723;873,44308;925,35506;879,8831;828,39291;838,22268;822,46797;9975,65231
MAR (mil m3);mil m3;2010;REGIÃO NORDESTE;ALAGOAS;0;38,654;0;0;0;0;0;0;0;0;0;;38,654
MAR (mil m3);mil m3;2010;REGIÃO NORDESTE;SERGIPE;1565,23198;1918,50198;2739,10198;2185,53599;2643,77099;2071,66798;1185,69998;3441,65399;2135,79898;1390,35498;953,48598;1368,73799;23599,5428
MAR (mil m3);mil m3;2010;REGIÃO NORDESTE;BAHIA;116,63247;107,13376;123,034;154,67733;88,19132;84,4157;88,16911;84,68728;81,41927;85,21094;95,69701;99,27911;1208,5473
MAR (mil m3);mil m3;2010;REGIÃO SUDESTE;ESPÍRITO SANTO;30495,55468;26407,80408;27604,96811;23695,99868;29175,94126;17294,00523;34931,28199;50854,96097;51175,54598;28268,07157;38564,34838;33065,05637;391533,5373
MAR (mil m3);mil m3;2010;REGIÃO SUDESTE;RIO DE JANEIRO;158516,51539;183800,55436;166056,16786;157155,46488;154557,1119;124421,22988;107940,03986;103781,56389;102217,46787;112707,60787;131665,92584;139417,7559;1642237,4055
MAR (mil m3);mil m3;2010;REGIÃO SUDESTE;SÃO PAULO;62;148,057;1390,198;2588,78;4500,265;3933,14;4023,432;3928,534;3797,025;3637,244;3593,724;6199,674;37802,073
MAR (mil m3);mil m3;2010;REGIÃO SUL;PARANÁ;0;0;0;0;0;0;0;0;0;0;0;0;0
TERRA (mil m3);mil m3;2011;REGIÃO NORTE;AMAZONAS;23647,672;20226,03599;15877,812;10604,27099;15054,76198;19212,29199;32159,03898;31324,47498;32836,05598;17413,45297;17174,72198;16630,73799;252161,32783
TERRA (mil m3);mil m2;2011;REGIÃO NORDESTE;MARANHÃO;0;0;0;0;0;0;0;0;0;0;0;0;0
TERRA (mil m3);mil m3;2011;REGIÃO NORDESTE;CEARÁ;46,07474;37,83804;43,42238;36,13938;35,94911;32,91427;38,18902;35,14852;36,59055;41,85623;34,46296;33,89972;452,48492
TERRA (mil m3);mil m3;2011;REGIÃO NORDESTE;RIO GRANDE DO NORTE;1370,43765;1306,33707;1573,53372;1376,728;1322,82695;1435,85492;1511,29812;1525,65829;1394,46153;1360,54605;1380,33011;1352,90375;16910,91616
TERRA (mil m3);mil m3;2011;REGIÃO NORDESTE;ALAGOAS;668,9557;847,39989;770,28941;790,67096;684,25722;562,52899;573,88002;599,08455;647,31315;636,6521;669,0475;454,26603;7904,34552
TERRA (mil m3);mil m3;2011;REGIÃO NORDESTE;SERGIPE;1879,91517;1830,02722;1939,23388;1915,56516;1692,60885;1712,58215;2506,56852;2071,60488;1786,43765;1420,62781;809,8646;729,45952;20294,49541
TERRA (mil m3);mil m3;2011;REGIÃO NORDESTE;BAHIA;2915,88879;2508,15937;2567,94931;2663,96026;2659,40751;2746,22917;2789,32718;2919,18313;2580,73019;2656,57118;2691,72228;2962,77984;32661,90821
TERRA (mil m3);mil m3;2011;REGIÃO SUDESTE;ESPÍRITO SANTO;1378,50449;910,4126;924,9168;789,97706;841,42362;859,39996;816,27673;788,61378;928,6596;822,14451;685,47997;710,96615;10456,77527
TERRA (mil m3);mil m3;2011;REGIÃO SUDESTE;RIO DE JANEIRO;0;0;0;0;0;0;0;0;0;0;0;0;0
TERRA (mil m3);mil m3;2011;REGIÃO SUDESTE;SÃO PAULO;0;0;0;0;0;0;0;0;0;0;0;0;0
TERRA (mil m3);mil m3;2011;REGIÃO SUL;PARANÁ;0;0;0;0;0;0;0;0;0;0;0;0;0
MAR (mil m3);mil m3;2011;REGIÃO NORTE;AMAZONAS;0;0;0;0;0;0;0;0;0;0;0;0;0
MAR (mil m3);mil m2;2011;REGIÃO NORDESTE;MARANHÃO;0;0;0;0;0;0;0;0;0;0;0;0;0
MAR (mil m3);mil m3;2011;REGIÃO NORDESTE;CEARÁ;137,823;203,308;253,958;201,703;225,115;211,719;191,332;233,603;202,961;201,169;220,07;235,377;2518,138
MAR (mil m3);mil m3;2011;REGIÃO NORDESTE;RIO GRANDE DO NORTE;595,29311;695,47408;502,25224;483,74125;555,71938;502,81506;457,52186;456,38089;449,26212;536,28097;508,47742;512,18408;6255,40246
MAR (mil m3);mil m3;2011;REGIÃO NORDESTE;ALAGOAS;0;0;0;0;0;0;0;0;0;0;0;0;0
MAR (mil m3);mil m3;2011;REGIÃO NORDESTE;SERGIPE;1656,81144;1939,5287;1308,35846;1682,19565;1722,14757;1603,18378;1975,97543;1444,44063;1970,99311;1297,83149;2018,09614;1261,32666;19880,88906
MAR (mil m3);mil m3;2011;REGIÃO NORDESTE;BAHIA;94,40683;87,86016;105,56702;80,64005;86,06174;78,22835;104,86946;93,17992;82,55661;80,1497;79,80512;96,7788;1070,10376
MAR (mil m3);mil m3;2011;REGIÃO SUDESTE;ESPÍRITO SANTO;36525,99438;24075,78018;12895,02318;6801,70098;7417,05198;8135,32297;23584,35197;8744,56398;12449,76997;24089,42297;19404,20497;20454,00197;204577,1895
MAR (mil m3);mil m3;2011;REGIÃO SUDESTE;RIO DE JANEIRO;97054,2239;65713,40389;70733,15588;54649,45289;76592,39755;80278,93387;74261,7879;86223,43287;103556,95389;117047,16092;107004,68088;92500,9459;1025616,53034
MAR (mil m3);mil m3;2011;REGIÃO SUDESTE;SÃO PAULO;20021,78399;14785,317;4031,867;3898,727;15115,107;16682,473;19446,286;4264,918;4416,073;13165,35;19402,458;20235,473;155465,83299
MAR (mil m3);mil m3;2011;REGIÃO SUL;PARANÁ;0;0;0;0;0;0;0;0;0;0;0;0;0
TERRA (mil m3);mil m3;2012;REGIÃO NORTE;AMAZONAS;15083,87599;13175,32399;14576,83999;16431,00599;19294,68098;19271,16798;17753,25499;16180,32599;20576,58299;22173,82999;22452,56298;19332,75399;216302,20585
TERRA (mil m3);mil m2;2012;REGIÃO NORDESTE;MARANHÃO;0;0;0;0;0;0;0;0;0;0;305,5257;75,55625;381,08195
TERRA (mil m3);mil m3;2012;REGIÃO NORDESTE;CEARÁ;35,22937;32,28327;34,13519;32,88375;32,654;29,68492;31,34874;29,8578;27,92869;26,42255;26,37987;27,48759;366,29574
TERRA (mil m3);mil m3;2012;REGIÃO NORDESTE;RIO GRANDE DO NORTE;1521,31841;1331,51523;1370,2853;1374,44914;1619,6855;1249,81986;1339,94615;1260,11406;1233,50078;1226,5122;1277,35612;1343,21641;16147,71916
TERRA (mil m3);mil m3;2012;REGIÃO NORDESTE;ALAGOAS;401,08277;327,455;445,58214;378,19988;311,44096;482,15577;595,63362;465,04594;437,97448;514,37003;455,4485;607,99868;5422,38777
TERRA (mil m3);mil m3;2012;REGIÃO NORDESTE;SERGIPE;641,99426;641,57552;993,68874;1029,67363;1513,95192;799,7637;732,93292;914,51501;3309,41116;1046,23741;873,0096;675,91161;13172,66548
TERRA (mil m3);mil m3;2012;REGIÃO NORDESTE;BAHIA;2712,93586;2433,85373;2475,6253;2485,20117;2369,70251;2433,10608;2364,45334;2642,36032;2427,20571;3447,03408;3459,73976;3540,60752;32791,82538
TERRA (mil m3);mil m3;2012;REGIÃO SUDESTE;ESPÍRITO SANTO;622,0841;645,538;667,59627;698,59279;820,7183;696,01101;702,72937;691,13273;683,52469;733,89971;759,70168;908,61415;8630,1428
TERRA (mil m3);mil m3;2012;REGIÃO SUDESTE;RIO DE JANEIRO;0;0;0;0;0;0;0;0;0;0;0;;0
TERRA (mil m3);mil m3;2012;REGIÃO SUDESTE;SÃO PAULO;0;0;0;0;0;0;0;0;0;0;0;;0
TERRA (mil m3);mil m3;2012;REGIÃO SUL;PARANÁ;0;0;0;0;0;0;0;0;0;0;0;;0
MAR (mil m3);mil m3;2012;REGIÃO NORTE;AMAZONAS;0;0;0;0;0;0;0;0;0;0;0;0;0
MAR (mil m3);mil m2;2012;REGIÃO NORDESTE;MARANHÃO;0;0;0;0;0;0;0;0;0;0;0;0;0
MAR (mil m3);mil m3;2012;REGIÃO NORDESTE;CEARÁ;207,396;152,295;171,786;171,191;178,936;185,902;188,128;197,382;189,294;222,613;242,152;318,999;2426,074
MAR (mil m3);mil m3;2012;REGIÃO NORDESTE;RIO GRANDE DO NORTE;449,48087;416,48277;573,24651;453,52492;433,97152;495,30108;468,07428;465,08945;454,50133;466,9809;480,18713;442,40364;5599,2444
MAR (mil m3);mil m3;2012;REGIÃO NORDESTE;ALAGOAS;0;0;0;0;0;0;0;0;0;0;0;0;0
MAR (mil m3);mil m3;2012;REGIÃO NORDESTE;SERGIPE;1589,78777;1178,90593;1151,54432;1604,47861;1608,39427;1867,84651;1721,80605;2087,82559;1588,98692;1477,5348;1691,36267;1484,84985;19053,32329
MAR (mil m3);mil m3;2012;REGIÃO NORDESTE;BAHIA;81,54803;94,5473;105,19495;106,42287;109,7686;100,03892;117,07414;109,74226;113,46673;134,62021;100,91709;106,55785;1279,89895
MAR (mil m3);mil m3;2012;REGIÃO SUDESTE;ESPÍRITO SANTO;4977,00297;5568,47096;6382,01797;6065,66896;7631,16297;5235,45697;7203,58997;6258,93699;21776,37998;40094,22797;53928,61698;41072,05296;206193,58565
MAR (mil m3);mil m3;2012;REGIÃO SUDESTE;RIO DE JANEIRO;94190,7082;64829,14506;79651,36892;73450,04416;71221,40516;69590,22606;72818,67742;75217,63668;79896,48093;63645,48557;46087,81999;60082,79982;850681,79797
MAR (mil m3);mil m3;2012;REGIÃO SUDESTE;SÃO PAULO;16764,399;4519,204;4742,54099;4667,84899;4774,20099;4661,05599;5124,31899;4642,665;4102,03099;3957,90299;4054,35899;4058,17499;66068,70191
MAR (mil m3);mil m3;2012;REGIÃO SUL;PARANÁ;0;0;0;0;0;0;0;0;0;0;0;0;0
TERRA (mil m3);mil m3;2013;REGIÃO NORTE;AMAZONAS;13952,39198;13080,66599;13539,79299;12903,30198;10809,68599;13717,75799;9021,44998;23010,34599;14453,86499;17158,65799;17130,38198;12994,45699;171772,75484
TERRA (mil m3);mil m2;2013;REGIÃO NORDESTE;MARANHÃO;306,33097;660;660;660;660;660;660;446,57597;526,77712;592,79801;561,69161;564,2032;6958,37688
TERRA (mil m3);mil m3;2013;REGIÃO NORDESTE;CEARÁ;27,01456;24,85022;27,93979;27,13522;28,10855;27,61203;28,54397;28,66514;27,68431;28,41703;27,13252;27,97592;331,07926
TERRA (mil m3);mil m3;2013;REGIÃO NORDESTE;RIO GRANDE DO NORTE;1319,20319;1262,3436;1422,62298;1377,1533;1380,60724;1353,21447;1342,16787;1608,21811;1505,67677;1615,86464;1420,16401;1435,32148;17042,55766
TERRA (mil m3);mil m3;2013;REGIÃO NORDESTE;ALAGOAS;775,25742;392,97132;543,66662;452,03675;525,63046;411,58566;315,94486;486,96351;328,84992;505,09018;301,46016;399,99078;5439,44764
TERRA (mil m3);mil m3;2013;REGIÃO NORDESTE;SERGIPE;812,90258;612,58718;1075,7192;783,76584;616,09626;632,53431;714,57553;1020,06783;1438,67999;1335,55978;849,68789;729,32606;10621,50245
TERRA (mil m3);mil m3;2013;REGIÃO NORDESTE;BAHIA;3238,19084;2990,07809;3156,89304;3408,39102;3200,38254;2898,83426;3535,00401;3793,19852;3252,68583;3102,00635;4025,77419;3765,70227;40367,14096
TERRA (mil m3);mil m3;2013;REGIÃO SUDESTE;ESPÍRITO SANTO;729,97835;646,59331;918,74929;685,16387;785,03844;715,00478;711,96624;793,08981;1168,00249;667,87366;724,43412;799,31569;9345,21005
TERRA (mil m3);mil m3;2013;REGIÃO SUDESTE;RIO DE JANEIRO;0;0;0;0;0;0;0;0;0;0;0;0;0
TERRA (mil m3);mil m3;2013;REGIÃO SUDESTE;SÃO PAULO;0;0;0;0;0;0;0;0;0;0;0;0;0
TERRA (mil m3);mil m3;2013;REGIÃO SUL;PARANÁ;0;0;0;0;0;0;0;0;0;0;0;0;0
MAR (mil m3);mil m3;2013;REGIÃO NORTE;AMAZONAS;0;0;0;0;0;0;0;0;0;0;0;0;0
MAR (mil m3);mil m2;2013;REGIÃO NORDESTE;MARANHÃO;0;0;0;0;0;0;0;0;0;0;0;0;0
MAR (mil m3);mil m3;2013;REGIÃO NORDESTE;CEARÁ;341,482;114,214;120,079;120,663;125,154;116,356;117,185;204,459;307,892;302,998;255,381;289,18;2415,043
MAR (mil m3);mil m3;2013;REGIÃO NORDESTE;RIO GRANDE DO NORTE;412,68774;352,97696;465,7369;391,65613;438,02421;413,78901;512,53942;534,05061;388,42487;409,97075;384,21111;382,48651;5086,55422
MAR (mil m3);mil m3;2013;REGIÃO NORDESTE;ALAGOAS;0;0;0;0;0;0;0;0;0;0;0;0;0
MAR (mil m3);mil m3;2013;REGIÃO NORDESTE;SERGIPE;1913,19942;892,23416;1637,34887;1694,82202;1917,23931;1010,41617;1425,0014;2041,14357;1832,10618;1620,4881;1925,99358;1739,13626;19649,12904
MAR (mil m3);mil m3;2013;REGIÃO NORDESTE;BAHIA;111,5559;102,53063;113,57392;332,11107;120,89619;112,8768;119,43395;116,05002;117,52607;108,15376;110,86282;119,70806;1585,27919
MAR (mil m3);mil m3;2013;REGIÃO SUDESTE;ESPÍRITO SANTO;18242,31597;23754,30098;8024,42797;9415,64697;8606,41996;11536,44896;7061,23497;7903,86196;5412,72697;5918,09497;12013,29597;7155,69997;125044,47562
MAR (mil m3);mil m3;2013;REGIÃO SUDESTE;RIO DE JANEIRO;65282,4287;60167,97495;59947,85434;61389,39467;49014,67066;59077,21225;62134,4603;58038,40486;48775,97901;51900,57889;72516,85588;103110,85336;751356,66787
MAR (mil m3);mil m3;2013;REGIÃO SUDESTE;SÃO PAULO;13469,26099;22638,22;24271,925;23769,604;21083,88;18832,434;2692,742;1788,72;2466,209;2384,617;1622,913;849,538;135870,06299
MAR (mil m3);mil m3;2013;REGIÃO SUL;PARANÁ;0;0;0;0;0;0;0;0;0;0;0;0;0
TERRA (mil m3);mil m3;2014;REGIÃO NORTE;AMAZONAS;10964,44099;9216,17399;10951,58898;11221,23299;8259,82799;8034,52298;10740,99299;11881,71099;9661,14799;8706,25999;6060,35799;8797,42198;114495,67985
TERRA (mil m3);mil m2;2014;REGIÃO NORDESTE;MARANHÃO;214,71142;258,9128;119,04566;160,83;182,537;205,5653;202,972;286,55;196,237;174,4383;142,01559;134,14495;2277,96002
TERRA (mil m3);mil m3;2014;REGIÃO NORDESTE;CEARÁ;27,52999;25,36894;26,9262;26,06087;23,74296;24,77896;25,47312;27,69129;32,89277;37,81835;38,27368;39,48738;356,04451
TERRA (mil m3);mil m3;2014;REGIÃO NORDESTE;RIO GRANDE DO NORTE;1416,12289;1295,13018;1503,44011;1426,52479;1394,38574;1314,28572;1428,65015;1423,94781;1298,56389;1642,55743;1657,36968;1718,14312;17519,12151
TERRA (mil m3);mil m3;2014;REGIÃO NORDESTE;ALAGOAS;535,96249;546,52705;346,1513;396,90967;429,2907;490,70059;477,35667;383,19015;399,45043;420,79265;418,75204;509,13866;5354,2224
TERRA (mil m3);mil m3;2014;REGIÃO NORDESTE;SERGIPE;649,84765;548,4012;760,89316;819,14025;678,43149;666,59801;692,11198;820,73861;733,90872;1044,25335;861,3704;555,484;8831,17882
TERRA (mil m3);mil m3;2014;REGIÃO NORDESTE;BAHIA;3885,46478;2967,9764;4540,13683;4106,70835;4021,05249;4238,32717;3553,14846;4009,89116;3704,42657;4161,86752;3661,90641;3676,19614;46527,10228
TERRA (mil m3);mil m3;2014;REGIÃO SUDESTE;ESPÍRITO SANTO;630,24211;536,6344;668,5548;725,18526;741,50702;793,23527;824,05607;750,88077;683,88546;770,09652;666,43644;696,5619;8487,27602
TERRA (mil m3);mil m3;2014;REGIÃO SUDESTE;RIO DE JANEIRO;0;0;0;0;0;0;0;0;0;0;0;0;0
TERRA (mil m3);mil m3;2014;REGIÃO SUDESTE;SÃO PAULO;0;0;0;0;0;0;0;0;0;0;0;0;0
TERRA (mil m3);mil m3;2014;REGIÃO SUL;PARANÁ;0;0;0;0;0;0;0;0;0;0;0;0;0
MAR (mil m3);mil m3;2014;REGIÃO NORTE;AMAZONAS;0;0;0;0;0;0;0;0;0;0;0;0;0
MAR (mil m3);mil m2;2014;REGIÃO NORDESTE;MARANHÃO;0;0;0;0;0;0;0;0;0;0;0;0;0
MAR (mil m3);mil m3;2014;REGIÃO NORDESTE;CEARÁ;288,706;269,021;292,481;279,875;303,176;302,433;304,731;295,216;246,666;280,665;273,574;291,864;3428,408
MAR (mil m3);mil m3;2014;REGIÃO NORDESTE;RIO GRANDE DO NORTE;384,86264;333,96807;369,48864;335,16112;391,3318;363,64832;380,04424;453,22224;379,50969;345,00719;331,68961;270,75113;4338,68469
MAR (mil m3);mil m3;2014;REGIÃO NORDESTE;ALAGOAS;0;0;0;0;0;0;0;0;0;0;0;0;0
MAR (mil m3);mil m3;2014;REGIÃO NORDESTE;SERGIPE;1554,02698;1841,99977;1918,141;1937,97724;1826,02079;2154,64009;2665,29997;2256,63208;2225,4345;1790,59994;1901,73098;1311,67267;23384,17601
MAR (mil m3);mil m3;2014;REGIÃO NORDESTE;BAHIA;112,33566;100,13672;108,29828;100,88855;106,28038;101,45278;97,37196;88,51392;79,10666;87,38637;85,36955;86,14434;1153,28517
MAR (mil m3);mil m3;2014;REGIÃO SUDESTE;ESPÍRITO SANTO;8387,65796;5035,17596;12284,98296;34397,52397;60076,38695;39925,13096;24103,95896;17989,82496;23975,26696;14215,36126;12578,07696;17775,86495;270745,21281
MAR (mil m3);mil m3;2014;REGIÃO SUDESTE;RIO DE JANEIRO;118716,60038;95376,90767;96323,31069;78312,3219;65071,72586;68369,40146;90171,06873;94588,45662;71308,36239;84545,56163;94555,70471;79868,3175;1037207,73954
MAR (mil m3);mil m3;2014;REGIÃO SUDESTE;SÃO PAULO;785,057;1740,27;4021,191;5092,428;3282,631;938,681;3938,862;5776,554;3713,539;2062,255;9091,46299;34659,27199;75102,20298
MAR (mil m3);mil m3;2014;REGIÃO SUL;PARANÁ;0;0;0;0;0;0;0;0;0;0;0;0;0
TERRA (mil m3);mil m3;2015;REGIÃO NORTE;AMAZONAS;5294,25799;4690,27998;10012,64498;8352,05398;6085,33199;5563,48698;8701,03798;5840,91699;6090,72098;6619,13599;7952,23997;7008,28598;82210,39379
TERRA (mil m3);mil m2;2015;REGIÃO NORDESTE;MARANHÃO;119,8916;103,5781;169,4575;145,5703;154,9876;155,5203;149,3539;139,3004;125,76643;127,1885;129,0954;1208,77409;2728,48412
TERRA (mil m3);mil m3;2015;REGIÃO NORDESTE;CEARÁ;32,85817;31,00939;36,70166;30,50152;31,98852;34,66158;38,79756;37,61751;37,379;38,46708;38,20115;36,47855;424,66169
TERRA (mil m3);mil m3;2015;REGIÃO NORDESTE;RIO GRANDE DO NORTE;1624,83499;1489,38589;1606,32214;1647,66116;1987,17251;1806,04835;2027,09455;1852,10091;1800,23315;2243,43987;2218,70666;2146,66504;22449,66522
TERRA (mil m3);mil m3;2015;REGIÃO NORDESTE;ALAGOAS;523,43554;471,74051;672,07376;550,48607;498,18011;477,26806;406,12683;573,99143;527,9679;430,63472;540,36681;489,52378;6161,79552
TERRA (mil m3);mil m3;2015;REGIÃO NORDESTE;SERGIPE;607,26951;557,17612;564,37794;553,39561;586,79839;616,99492;693,31219;998,12342;686,45354;1275,91811;1524,49583;813,30729;9477,62287
TERRA (mil m3);mil m3;2015;REGIÃO NORDESTE;BAHIA;3921,73611;3575,19989;3723,58271;2963,86004;2611,55933;3271,04854;3031,81777;3206,85353;2726,7526;2671,14723;2298,42558;2744,41546;36746,39879
TERRA (mil m3);mil m3;2015;REGIÃO SUDESTE;ESPÍRITO SANTO;735,88479;631,29549;730,20085;703,50088;696,81303;682,60658;701,63677;698,32291;720,99189;739,22763;691,04619;726,41635;8457,94336
TERRA (mil m3);mil m3;2015;REGIÃO SUDESTE;RIO DE JANEIRO;0;0;0;0;0;0;0;0;0;0;0;0;0
TERRA (mil m3);mil m3;2015;REGIÃO SUDESTE;SÃO PAULO;0;0;0;0;0;0;0;0;0;0;0;0;0
TERRA (mil m3);mil m3;2015;REGIÃO SUL;PARANÁ;0;0;0;0;0;0;0;0;0;0;0;0;0
MAR (mil m3);mil m3;2015;REGIÃO NORTE;AMAZONAS;0;0;0;0;0;0;0;0;0;0;0;0;0
MAR (mil m3);mil m2;2015;REGIÃO NORDESTE;MARANHÃO;0;0;0;0;0;0;0;0;0;0;0;0;0
MAR (mil m3);mil m3;2015;REGIÃO NORDESTE;CEARÁ;291,615;374,561;1288,024;1050,203;278,761;279,246;263,729;250,106;242,754;198,919;178,286;238,053;4934,257
MAR (mil m3);mil m3;2015;REGIÃO NORDESTE;RIO GRANDE DO NORTE;319,57723;304,48243;415,1188;457,89422;428,83508;425,333;454,52136;438,92467;382,64285;412,02907;405,69885;417,91229;4862,96985
MAR (mil m3);mil m3;2015;REGIÃO NORDESTE;ALAGOAS;0;0;0;0;0;0;0;0;0;0;0;0;0
MAR (mil m3);mil m3;2015;REGIÃO NORDESTE;SERGIPE;1805,01697;2430,94392;2399,03026;1821,07006;1458,47992;1778,75603;4385,32784;928,68045;1326,06745;1639,20931;1618,7918;1769,41147;23360,78548
MAR (mil m3);mil m3;2015;REGIÃO NORDESTE;BAHIA;84,12262;77,29072;86,15325;81,69921;88,94574;103,06491;1011,49344;340,5037;298,61829;106,33193;112,0308;120,25547;2510,51008
MAR (mil m3);mil m3;2015;REGIÃO SUDESTE;ESPÍRITO SANTO;13291,09896;12343,67896;9432,31997;9328,18397;7321,96296;6974,12498;9668,42497;8655,54797;9901,06198;7792,00197;5538,41795;7115,61895;107362,44359
MAR (mil m3);mil m3;2015;REGIÃO SUDESTE;RIO DE JANEIRO;70708,61869;57310,19411;78944,48248;73586,82031;71027,85526;80453,55072;86110,15829;115333,2433;116571,86804;99479,12715;72359,6273;76664,80597;998550,35162
MAR (mil m3);mil m3;2015;REGIÃO SUDESTE;SÃO PAULO;26006,16099;6978,55099;7485,12999;8658,80099;6117,04199;5965,11399;6170,31199;3648,23099;5067,751;3839,77199;3918,50899;3581,21598;87436,58988
MAR (mil m3);mil m3;2015;REGIÃO SUL;PARANÁ;0;0;0;0;0;0;0;0;0;0;0;0;0
TERRA (mil m3);mil m3;2016;REGIÃO NORTE;AMAZONAS;5530,18597;9823,35598;9911,91099;6305,40098;10680,91899;9957,71198;8457,19498;9115,80299;9409,72298;9553,37998;10160,69498;11068,82499;109975,10579
TERRA (mil m3);mil m2;2016;REGIÃO NORDESTE;MARANHÃO;115,79255;143,0296;125,03696;99,45186;98,40844;81,57488;78,7841;100,96549;672,94481;103,66099;98,793;322,75388;2041,19656
TERRA (mil m3);mil m3;2016;REGIÃO NORDESTE;CEARÁ;37,9512;38,50606;42,72762;41,59703;41,92864;40,6617;38,91963;34,89151;33,50652;33,54883;31,93394;34,29905;450,47173
TERRA (mil m3);mil m3;2016;REGIÃO NORDESTE;RIO GRANDE DO NORTE;1918,89226;1908,1731;2058,44979;2062,53805;2072,5578;1706,53997;2183,40622;2084,82986;1794,40876;1576,80785;1608,15762;1602,35255;22577,11383
TERRA (mil m3);mil m3;2016;REGIÃO NORDESTE;ALAGOAS;457,73769;449,71219;556,77316;546,83494;612,47896;555,66701;480,23014;476,63285;476,29843;508,69021;451,53474;466,70757;6039,29789
TERRA (mil m3);mil m3;2016;REGIÃO NORDESTE;SERGIPE;572,61913;544,2735;522,5756;611,14837;280,29782;2081,59721;440,37806;396,34763;361,81179;405,74883;357,20412;399,69376;6973,69582
TERRA (mil m3);mil m3;2016;REGIÃO NORDESTE;BAHIA;3236,02182;2757,86557;2955,56947;3015,21897;2943,38088;2883,85535;2901,31322;2654,80311;2749,73068;2933,97386;2666,73249;2803,61939;34502,08481
TERRA (mil m3);mil m3;2016;REGIÃO SUDESTE;ESPÍRITO SANTO;696,94579;716,35721;670,71078;686,44845;771,42518;755,90325;736,68819;733,90749;707,22397;678,92093;618,37654;680,83177;8453,73955
TERRA (mil m3);mil m3;2016;REGIÃO SUDESTE;RIO DE JANEIRO;0;0;0;0;0;0;0;0;0;0;0;0;0
TERRA (mil m3);mil m3;2016;REGIÃO SUDESTE;SÃO PAULO;0;0;0;0;0;0;0;0;0;0;0;0;0
TERRA (mil m3);mil m3;2016;REGIÃO SUL;PARANÁ;0;0;0;0;0;0;0;0;0;0;0;0;0
MAR (mil m3);mil m3;2016;REGIÃO NORTE;AMAZONAS;0;0;0;0;0;0;0;0;0;0;0;0;0
MAR (mil m3);mil m2;2016;REGIÃO NORDESTE;MARANHÃO;0;0;0;0;0;0;0;0;0;0;0;0;0
MAR (mil m3);mil m3;2016;REGIÃO NORDESTE;CEARÁ;265,444;232,593;337,671;264,28397;259,34598;239,60097;192,39897;206,74299;197,80798;196,98697;218,81797;222,90497;2834,59877
MAR (mil m3);mil m3;2016;REGIÃO NORDESTE;RIO GRANDE DO NORTE;431,24508;391,06804;409,20067;406,92297;431,21025;405,0614;435,90629;446,45045;378,938;386,22371;363,06337;393,40638;4878,69661
MAR (mil m3);mil m3;2016;REGIÃO NORDESTE;ALAGOAS;0;0;0;0;0;0;0;0;0;0;0;0;0
MAR (mil m3);mil m3;2016;REGIÃO NORDESTE;SERGIPE;1968,70447;2005,14246;2088,62448;1848,23647;1769,37297;2076,46348;1812,17746;1677,62748;1543,52648;2026,95647;1809,56448;2136,46899;22762,86569
MAR (mil m3);mil m3;2016;REGIÃO NORDESTE;BAHIA;102,95412;98,82809;103,39411;95,94395;107,55644;93,01638;129,24247;119,43296;101,48581;109,75994;89,0461;85,94805;1236,60842
MAR (mil m3);mil m3;2016;REGIÃO SUDESTE;ESPÍRITO SANTO;7215,04195;6741,27497;6611,16094;3959,77096;8228,85994;5341,65591;11634,31392;6634,42995;5084,03695;5559,14594;5480,18194;6826,18895;79316,06232
MAR (mil m3);mil m3;2016;REGIÃO SUDESTE;RIO DE JANEIRO;76463,75948;106892,3113;114958,53275;97695,11582;82985,96255;77948,79235;102216,54886;115325,67545;78714,92945;84115,0971;84049,71303;95022,96974;1116389,40788
MAR (mil m3);mil m3;2016;REGIÃO SUDESTE;SÃO PAULO;2510,39998;3819,44498;2597,19398;2378,289;2472,65698;1707,09798;3974,26399;14033,23298;5144,15098;7258,73999;6986,80298;12768,385;65650,65882
MAR (mil m3);mil m3;2016;REGIÃO SUL;PARANÁ;0;0;0;0;0;0;0;0;0;0;0;0;0
TERRA (mil m3);mil m3;2017;REGIÃO NORTE;AMAZONAS;10787,41898;8899,63398;8707,43598;8276,67898;8139,68797;8472,12898;8721,62198;7011,70799;7418,66899;7491,50999;8550,05198;6975,57998;99452,12578
TERRA (mil m3);mil m2;2017;REGIÃO NORDESTE;MARANHÃO;128,51539;99,7675;686,9898;269,24089;600,3609;717,8842;97,03376;183,49529;562,0605;141,16479;192,20994;191,55877;3870,28173
TERRA (mil m3);mil m3;2017;REGIÃO NORDESTE;CEARÁ;32,9745;27,99493;29,86906;30,29292;29,69934;29,19156;31,14332;30,56274;28,95633;31,63253;28,56434;29,07054;359,95211
TERRA (mil m3);mil m3;2017;REGIÃO NORDESTE;RIO GRANDE DO NORTE;1548,24699;1456,06706;1570,35837;1617,53145;3718,36477;1679,4223;1400,05277;1585,34785;1138,92009;1296,13603;1713,76645;1634,21775;20358,43188
TERRA (mil m3);mil m3;2017;REGIÃO NORDESTE;ALAGOAS;529,02251;431,47385;417,96041;499,31868;483,05763;513,34629;709,47543;528,92101;494,11502;554,64248;469,38106;671,86484;6302,57921
TERRA (mil m3);mil m3;2017;REGIÃO NORDESTE;SERGIPE;395,48698;334,57693;413,88447;928,3527;439,99016;446,36698;403,55581;472,79938;389,53316;394,45466;496,24073;435,55424;5550,7962
TERRA (mil m3);mil m3;2017;REGIÃO NORDESTE;BAHIA;2034,16395;1916,59678;2137,51751;2324,50207;2270,49415;2154,17553;2300,79688;2217,299;2189,99034;2383,0461;2254,85135;2419,16259;26602,59625
TERRA (mil m3);mil m3;2017;REGIÃO SUDESTE;ESPÍRITO SANTO;653,97802;582,01268;660,10158;571,13339;593,62229;561,76336;619,52326;552,44858;529,38564;598,34868;555,14764;536,04783;7013,51295
TERRA (mil m3);mil m3;2017;REGIÃO SUDESTE;RIO DE JANEIRO;0;0;0;0;0;0;0;0;0;0;0;0;0
TERRA (mil m3);mil m3;2017;REGIÃO SUDESTE;SÃO PAULO;0;0;0;0;0;0;0;0;0;0;0;0;0
TERRA (mil m3);mil m3;2017;REGIÃO SUL;PARANÁ;0;0;0;0;0;0;0;0;0;0;0;0;0
MAR (mil m3);mil m3;2017;REGIÃO NORTE;AMAZONAS;0;0;0;0;0;0;0;0;0;0;0;0;0
MAR (mil m3);mil m2;2017;REGIÃO NORDESTE;MARANHÃO;0;0;0;0;0;0;0;0;0;0;0;0;0
MAR (mil m3);mil m3;2017;REGIÃO NORDESTE;CEARÁ;180,30798;139,27997;143,62697;141,23997;170,99597;180,96297;174,44898;146,09498;133,02397;142,85097;149,24097;227,65098;1929,72468
MAR (mil m3);mil m3;2017;REGIÃO NORDESTE;RIO GRANDE DO NORTE;387,12529;313,51791;363,00337;329,39463;745,74236;321,56334;330,18749;332,45548;334,93207;354,90497;335,93295;340,01643;4488,77629
MAR (mil m3);mil m3;2017;REGIÃO NORDESTE;ALAGOAS;0;0;0;0;0;0;0;0;0;0;0;0;0
MAR (mil m3);mil m3;2017;REGIÃO NORDESTE;SERGIPE;1388,96077;1604,89097;2359,57998;2016,63198;1800,56197;1383,71849;1607,69397;1624,46348;1812,29449;1637,33149;1294,97998;1254,74898;19785,85655
MAR (mil m3);mil m3;2017;REGIÃO NORDESTE;BAHIA;83,13663;86,87017;75,53819;80,10853;91,29345;83,53899;91,21444;85,85946;83,90343;91,28199;101,41372;98,77353;1052,93253
MAR (mil m3);mil m3;2017;REGIÃO SUDESTE;ESPÍRITO SANTO;6397,54895;5289,91195;7088,02097;7242,37896;5246,29597;5671,67094;7138,82694;6546,90596;6146,75595;9058,68492;7134,7729;8036,62393;80998,39834
MAR (mil m3);mil m3;2017;REGIÃO SUDESTE;RIO DE JANEIRO;80575,66268;72251,13217;74082,35772;73296,90763;86513,03173;106625,06224;103696,55164;79992,90551;76795,35655;75671,4632;79702,32559;90967,07249;1000169,82915
MAR (mil m3);mil m3;2017;REGIÃO SUDESTE;SÃO PAULO;27640,98199;17333,00098;8726,81898;8972,44299;4078,61398;6495,20898;3685,25898;3700,41998;3207,57898;5315,96095;4027,38896;6016,94895;99200,6247
MAR (mil m3);mil m3;2017;REGIÃO SUL;PARANÁ;0;0;0;0;0;0;0;0;0;0;0;0;0
TERRA (mil m3);mil m3;2018;REGIÃO NORTE;AMAZONAS;6223,00098;4770,78197;6606,20598;5374,86497;4772,80298;6527,12999;;;;;;;34274,78687
TERRA (mil m3);mil m2;2018;REGIÃO NORDESTE;MARANHÃO;167,42743;151,48579;212,9329;269,74547;214,60654;177,90098;;;;;;;1194,09911
TERRA (mil m3);mil m3;2018;REGIÃO NORDESTE;CEARÁ;25,40004;23,05344;25,66473;25,73199;21,70688;30,33906;;;;;;;151,89614
TERRA (mil m3);mil m3;2018;REGIÃO NORDESTE;RIO GRANDE DO NORTE;1189,5819;1484,84899;1387,52497;1251,27952;1416,23061;1879,37929;;;;;;;8608,84528
TERRA (mil m3);mil m3;2018;REGIÃO NORDESTE;ALAGOAS;690,84828;434,00289;569,83459;473,26941;366,22154;437,78191;;;;;;;2971,95862
TERRA (mil m3);mil m3;2018;REGIÃO NORDESTE;SERGIPE;462,41567;452,13167;522,15915;508,75293;439,87243;478,56126;;;;;;;2863,89311
TERRA (mil m3);mil m3;2018;REGIÃO NORDESTE;BAHIA;2054,96556;1714,78489;2003,64985;1835,66739;2049,72148;1916,0649;;;;;;;11574,85407
TERRA (mil m3);mil m3;2018;REGIÃO SUDESTE;ESPÍRITO SANTO;530,89647;500,86108;479,71618;498,19391;520,53883;458,92992;;;;;;;2989,13639
TERRA (mil m3);mil m3;2018;REGIÃO SUDESTE;RIO DE JANEIRO;0;0;0;0;0;0;;;;;;;0
TERRA (mil m3);mil m3;2018;REGIÃO SUDESTE;SÃO PAULO;0;0;0;0;0;0;;;;;;;0
TERRA (mil m3);mil m3;2018;REGIÃO SUL;PARANÁ;0;0;0;0;0;0;;;;;;;0
MAR (mil m3);mil m3;2018;REGIÃO NORTE;AMAZONAS;0;0;0;0;0;0;;;;;;;0
MAR (mil m3);mil m2;2018;REGIÃO NORDESTE;MARANHÃO;0;0;0;0;0;0;;;;;;;0
MAR (mil m3);mil m3;2018;REGIÃO NORDESTE;CEARÁ;198,71297;127,27498;160,83198;156,31298;168,26497;190,32897;;;;;;;1001,72685
MAR (mil m3);mil m3;2018;REGIÃO NORDESTE;RIO GRANDE DO NORTE;330,29706;314,86962;372,78493;386,83649;361,57152;329,3991;;;;;;;2095,75872
MAR (mil m3);mil m3;2018;REGIÃO NORDESTE;ALAGOAS;0;0;0;0;0;0;;;;;;;0
MAR (mil m3);mil m3;2018;REGIÃO NORDESTE;SERGIPE;1360,59348;1406,71348;1337,38198;1283,09848;1544,33647;1311,98849;;;;;;;8244,11238
MAR (mil m3);mil m3;2018;REGIÃO NORDESTE;BAHIA;107,90043;81,29044;107,30468;97,65787;88,95435;93,87698;;;;;;;576,98475
MAR (mil m3);mil m3;2018;REGIÃO SUDESTE;ESPÍRITO SANTO;7796,76192;4320,61582;7629,5699;4271,41191;4587,78691;5040,02491;;;;;;;33646,17137
MAR (mil m3);mil m3;2018;REGIÃO SUDESTE;RIO DE JANEIRO;95487,14578;81512,71524;74122,93387;79922,40874;103208,29696;99588,4743;;;;;;;533841,97489
MAR (mil m3);mil m3;2018;REGIÃO SUDESTE;SÃO PAULO;7948,13819;3454,45933;7482,73184;6351,50268;8147,49645;6200,79922;;;;;;;39585,12771
MAR (mil m3);mil m3;2018;REGIÃO SUL;PARANÁ;0;0;0;0;0;0;;;;;;;0
