PRODUTO;UNIDADE;ANO;REGIÃO;ESTADO;JAN;FEV;MAR;ABR;MAI;JUN;JUL;AGO;SET;OUT;NOV;DEZ;TOTAL
TERRA (mil m3);mil m3;2000;REGIÃO NORTE;AMAZONAS;79266;97172;130538;134835,0003;134390;143774,9997;142198,9997;128182,56;129893;148504;153066;142467;1564287,5597
TERRA (mil m3);mil m3;2000;REGIÃO NORDESTE;MARANHÃO;0;0;0;0;0;0;0;0;0;0;0;0;0
TERRA (mil m3);mil m3;2000;REGIÃO NORDESTE;CEARÁ;0;0;0;0;0;0;0;0;0;0;0;0;0
TERRA (mil m3);mil m3;2000;REGIÃO NORDESTE;RIO GRANDE DO NORTE;502,004;707,9328;1363,6794;1712,1245;1709,9156;1051,3118;374,4236;122;437;0;1322,0392;2390,0859;11692,5168
TERRA (mil m3);mil m3;2000;REGIÃO NORDESTE;ALAGOAS;15437;14367,2;15520;14890;14895;12303;15410;14560;13921;13715;15116,523;15340,63;175475,353
TERRA (mil m3);mil m3;2000;REGIÃO NORDESTE;SERGIPE;572,001;522;672,0004;560,0004;630,0004;358,9997;781,0003;686;768,9997;838,9998;874;889,0002;8153,0019
TERRA (mil m3);mil m3;2000;REGIÃO NORDESTE;BAHIA;11191,891;22017,699;17633,763;11848,667;13140,334;11715,269;12841,305;16059,862;19660,1;29074,642;27097,215;28179,8103;220460,5573
TERRA (mil m3);mil m3;2000;REGIÃO SUDESTE;ESPÍRITO SANTO;0;0;0;0;0;0;105;432;1184;1569;290;0;3580
TERRA (mil m3);mil m3;2000;REGIÃO SUDESTE;RIO DE JANEIRO;0;0;0;0;0;0;0;0;0;0;0;0;0
TERRA (mil m3);mil m3;2000;REGIÃO SUDESTE;SÃO PAULO;0;0;0;0;0;0;0;0;0;0;0;0;0
TERRA (mil m3);mil m3;2000;REGIÃO SUL;PARANÁ;0;0;0;0;0;0;0;0;0;0;0;0;0
MAR (mil m3);mil m3;2000;REGIÃO NORTE;AMAZONAS;0;0;0;0;0;0;0;0;0;0;0;0;0
MAR (mil m3);mil m3;2000;REGIÃO NORDESTE;MARANHÃO;0;0;0;0;0;0;0;0;0;0;0;0;0
MAR (mil m3);mil m3;2000;REGIÃO NORDESTE;CEARÁ;0;0;0;0;0;0;0;0;0;0;0;0;0
MAR (mil m3);mil m3;2000;REGIÃO NORDESTE;RIO GRANDE DO NORTE;28507;27934;28475;31180;32167;29891;32789;29650;30440;31140;25550;27663;355386
MAR (mil m3);mil m3;2000;REGIÃO NORDESTE;ALAGOAS;0;0;0;0;0;0;0;0;0;0;0;0;0
MAR (mil m3);mil m3;2000;REGIÃO NORDESTE;SERGIPE;18383,656;21989,8837;19119,4993;16427,3159;16064,223;19725,3953;20125,832;16618,715;17874,938;22173,768;9871,625;19555,068;217929,9192
MAR (mil m3);mil m3;2000;REGIÃO NORDESTE;BAHIA;0;0;0;0;0;0;0;0;0;0;0;0;0
MAR (mil m3);mil m3;2000;REGIÃO SUDESTE;ESPÍRITO SANTO;0;0;0;0;0;0;0;0;0;0;0;0;0
MAR (mil m3);mil m3;2000;REGIÃO SUDESTE;RIO DE JANEIRO;16785;15161,0005;18722,9998;15508,0008;13206;12611;10015;16193,9996;12188;10552;14779;15882;171604,0007
MAR (mil m3);mil m3;2000;REGIÃO SUDESTE;SÃO PAULO;0;0;0;0;0;0;0;0;0;0;0;0;0
MAR (mil m3);mil m3;2000;REGIÃO SUL;PARANÁ;0;0;0;0;0;0;0;0;0;0;0;0;0
TERRA (mil m3);mil m3;2001;REGIÃO NORTE;AMAZONAS;141678,225;137708;159310;152128;170635,259;167226,259;152477,26;160320,259;174779,259;185970,259;181830;184215;1968277,78
TERRA (mil m3);mil m3;2001;REGIÃO NORDESTE;MARANHÃO;0;0;0;0;0;0;0;0;0;0;0;0;0
TERRA (mil m3);mil m3;2001;REGIÃO NORDESTE;CEARÁ;0;0;0;0;0;0;0;0;0;0;0;0;0
TERRA (mil m3);mil m3;2001;REGIÃO NORDESTE;RIO GRANDE DO NORTE;1203,7046;204;0;525;187;148;32;0;0;426;0;0;2725,7046
TERRA (mil m3);mil m3;2001;REGIÃO NORDESTE;ALAGOAS;18155,967;16583,723;18190,815;17205,579;17801,736;16299;16448;17115;15773;15540,6999;14148;15372;198633,5199
TERRA (mil m3);mil m3;2001;REGIÃO NORDESTE;SERGIPE;655,0002;718,0004;733,0004;758,959;801,126;779,252;749,38;817,554;776,467;795,574;740,939;709,115;9034,367
TERRA (mil m3);mil m3;2001;REGIÃO NORDESTE;BAHIA;26079,5801;21978,4773;28705,3294;20942,5817;23015,9112;21975,344;23845,85;25319,694;24392,413;15765,237;14153,935;13259,487;259433,8397
TERRA (mil m3);mil m3;2001;REGIÃO SUDESTE;ESPÍRITO SANTO;0;0;0;0;0;91;665;93;1119;1210,5;442,5;1047;4668
TERRA (mil m3);mil m3;2001;REGIÃO SUDESTE;RIO DE JANEIRO;0;0;0;0;0;0;0;0;0;0;0;0;0
TERRA (mil m3);mil m3;2001;REGIÃO SUDESTE;SÃO PAULO;0;0;0;0;0;0;0;0;0;0;0;0;0
TERRA (mil m3);mil m3;2001;REGIÃO SUL;PARANÁ;0;0;0;0;0;0;0;0;0;0;0;0;0
MAR (mil m3);mil m3;2001;REGIÃO NORTE;AMAZONAS;0;0;0;0;0;0;0;0;0;0;0;0;0
MAR (mil m3);mil m3;2001;REGIÃO NORDESTE;MARANHÃO;0;0;0;0;0;0;0;0;0;0;0;0;0
MAR (mil m3);mil m3;2001;REGIÃO NORDESTE;CEARÁ;0;0;0;0;0;0;0;0;0;0;0;0;0
MAR (mil m3);mil m3;2001;REGIÃO NORDESTE;RIO GRANDE DO NORTE;30740;21360;23330;21860;23220;21360;17380;21790;13340;12910;17778;16933;242001
MAR (mil m3);mil m3;2001;REGIÃO NORDESTE;ALAGOAS;0;0;0;0;0;0;0;0;0;0;0;0;0
MAR (mil m3);mil m3;2001;REGIÃO NORDESTE;SERGIPE;25405,163;15029,549;17402,545;15205,385;14512,728;19860,347;16511,61;22499,217;19375,245;16145,359;13386,637;12190,842;207524,627
MAR (mil m3);mil m3;2001;REGIÃO NORDESTE;BAHIA;0;0;0;0;0;0;0;0;0;0;0;0;0
MAR (mil m3);mil m3;2001;REGIÃO SUDESTE;ESPÍRITO SANTO;0;0;0;0;0;0;0;0;0;0;0;0;0
MAR (mil m3);mil m3;2001;REGIÃO SUDESTE;RIO DE JANEIRO;15672;9773;10379;8141;5215;5230;14871;8282;14086;11899;14149;17396;135093
MAR (mil m3);mil m3;2001;REGIÃO SUDESTE;SÃO PAULO;0;0;0;0;0;0;0;0;0;0;0;0;0
MAR (mil m3);mil m3;2001;REGIÃO SUL;PARANÁ;0;0;0;0;0;0;0;0;0;0;0;0;0
TERRA (mil m3);mil m3;2002;REGIÃO NORTE;AMAZONAS;196774;179720;193939;188489;195228;192963;197156;192340;181390;187227;182255;189182;2276663
TERRA (mil m3);mil m3;2002;REGIÃO NORDESTE;MARANHÃO;0;0;0;0;0;0;0;0;0;0;0;0;0
TERRA (mil m3);mil m3;2002;REGIÃO NORDESTE;CEARÁ;0;0;0;0;0;0;0;0;0;0;0;0;0
TERRA (mil m3);mil m3;2002;REGIÃO NORDESTE;RIO GRANDE DO NORTE;1040;1797;2553;866;1554;2308;960;635;254;20;3527,33;3218;18732,33
TERRA (mil m3);mil m3;2002;REGIÃO NORDESTE;ALAGOAS;16604;16986;17807,06;13720,51;16524,56;18344,65;17541,03;15855,94;16075;12299,08;12025,8;16765;190548,63
TERRA (mil m3);mil m3;2002;REGIÃO NORDESTE;SERGIPE;600,983;426,28;651,8;757,27;850,29;709,44;719,88;769,86;848,66;865,32;825,67;872,85;8898,303
TERRA (mil m3);mil m3;2002;REGIÃO NORDESTE;BAHIA;23259,575;16588,51;22250,56;14326,29;19100,83;21963,43;25706,19;18698,58;19998,36;16867,51;9946,16;8209,58;216915,575
TERRA (mil m3);mil m3;2002;REGIÃO SUDESTE;ESPÍRITO SANTO;1000;809,5;839,5;1025;1000;488;403;0;0;0;0;0;5565
TERRA (mil m3);mil m3;2002;REGIÃO SUDESTE;RIO DE JANEIRO;0;0;0;0;0;0;0;0;0;0;0;0;0
TERRA (mil m3);mil m3;2002;REGIÃO SUDESTE;SÃO PAULO;0;0;0;0;0;0;0;0;0;0;0;0;0
TERRA (mil m3);mil m3;2002;REGIÃO SUL;PARANÁ;0;0;0;0;0;0;0;0;0;0;0;0;0
MAR (mil m3);mil m3;2002;REGIÃO NORTE;AMAZONAS;0;0;0;0;0;0;0;0;0;0;0;0;0
MAR (mil m3);mil m3;2002;REGIÃO NORDESTE;MARANHÃO;0;0;0;0;0;0;0;0;0;0;0;0;0
MAR (mil m3);mil m3;2002;REGIÃO NORDESTE;CEARÁ;0;0;0;0;0;0;0;0;0;0;0;0;0
MAR (mil m3);mil m3;2002;REGIÃO NORDESTE;RIO GRANDE DO NORTE;17677;23489;28428;26031;24488;22558;18116;21759;18229;18054;21249;10114;250192
MAR (mil m3);mil m3;2002;REGIÃO NORDESTE;ALAGOAS;0;0;0;0;0;0;0;0;0;0;0;0;0
MAR (mil m3);mil m3;2002;REGIÃO NORDESTE;SERGIPE;17193,688;13490,37;20738,63;20253,71;15266,84;16163,93;18004,13;20558,96;18491,79;15922,89;19116,43;30245,82;225447,188
MAR (mil m3);mil m3;2002;REGIÃO NORDESTE;BAHIA;0;0;0;0;0;0;0;0;0;0;0;0;0
MAR (mil m3);mil m3;2002;REGIÃO SUDESTE;ESPÍRITO SANTO;0;0;0;0;0;0;0;0;0;0;0;0;0
MAR (mil m3);mil m3;2002;REGIÃO SUDESTE;RIO DE JANEIRO;18135;14274;13695;14174;16257;19527;18205;27926;24883;13787;9320;58;190241
MAR (mil m3);mil m3;2002;REGIÃO SUDESTE;SÃO PAULO;0;0;0;0;0;0;0;0;0;0;0;0;0
MAR (mil m3);mil m3;2002;REGIÃO SUL;PARANÁ;0;0;0;0;0;0;0;0;0;0;0;0;0
TERRA (mil m3);mil m3;2003;REGIÃO NORTE;AMAZONAS;189692;173639;193929;190581;178345;183378;191410;202299;234065;226841;232232;244003;2440414
TERRA (mil m3);mil m3;2003;REGIÃO NORDESTE;MARANHÃO;0;0;0;0;0;0;0;0;0;0;0;0;0
TERRA (mil m3);mil m3;2003;REGIÃO NORDESTE;CEARÁ;0;0;0;0;0;0;0;0;0;0;0;0;0
TERRA (mil m3);mil m3;2003;REGIÃO NORDESTE;RIO GRANDE DO NORTE;2895;5369;6810;6924;4867;4392;2910;1796;1478;2266;874;156;40737
TERRA (mil m3);mil m3;2003;REGIÃO NORDESTE;ALAGOAS;16730,99;14750,8;16637,52;15147,06;18790,37;21568,74;28025,25;22262;24385;28016;22952,71;14157,27;243423,71
TERRA (mil m3);mil m3;2003;REGIÃO NORDESTE;SERGIPE;932,05;733,48;908,22;929,01;964,26;771,34;754,69;569;597;876;855,22;832,79;9723,06
TERRA (mil m3);mil m3;2003;REGIÃO NORDESTE;BAHIA;17045;17527;19976;16055;16116;17444;13795;13020;13750;12916;10543,1;12310,93;180498,03
TERRA (mil m3);mil m3;2003;REGIÃO SUDESTE;ESPÍRITO SANTO;0;0;0;0;0;0;0;0;0;0;0;0;0
TERRA (mil m3);mil m3;2003;REGIÃO SUDESTE;RIO DE JANEIRO;0;0;0;0;0;0;0;0;0;0;0;0;0
TERRA (mil m3);mil m3;2003;REGIÃO SUDESTE;SÃO PAULO;0;0;0;0;0;0;0;0;0;0;0;0;0
TERRA (mil m3);mil m3;2003;REGIÃO SUL;PARANÁ;0;0;0;0;0;0;0;0;0;0;0;0;0
MAR (mil m3);mil m3;2003;REGIÃO NORTE;AMAZONAS;0;0;0;0;0;0;0;0;0;0;0;0;0
MAR (mil m3);mil m3;2003;REGIÃO NORDESTE;MARANHÃO;0;0;0;0;0;0;0;0;0;0;0;0;0
MAR (mil m3);mil m3;2003;REGIÃO NORDESTE;CEARÁ;0;0;0;0;0;0;0;0;0;0;0;0;0
MAR (mil m3);mil m3;2003;REGIÃO NORDESTE;RIO GRANDE DO NORTE;12898;0;0;0;0;0;0;8548;8661;10030;6588;7313;54038
MAR (mil m3);mil m3;2003;REGIÃO NORDESTE;ALAGOAS;0;0;0;0;0;0;0;0;0;0;0;0;0
MAR (mil m3);mil m3;2003;REGIÃO NORDESTE;SERGIPE;24373,96;12988,4;15623,35;9385,25;15906,85;18168,91;12986,47;14939;13758;18450;17765,38;8156,56;182502,13
MAR (mil m3);mil m3;2003;REGIÃO NORDESTE;BAHIA;0;0;0;0;0;0;0;0;0;0;0;0;0
MAR (mil m3);mil m3;2003;REGIÃO SUDESTE;ESPÍRITO SANTO;0;0;0;0;0;0;0;0;0;0;0;0;0
MAR (mil m3);mil m3;2003;REGIÃO SUDESTE;RIO DE JANEIRO;4065;11596;19324;18659;18519;5610;16645;18510;16361;9722;672;0;139683
MAR (mil m3);mil m3;2003;REGIÃO SUDESTE;SÃO PAULO;0;0;0;0;0;0;0;0;0;0;0;0;0
MAR (mil m3);mil m3;2003;REGIÃO SUL;PARANÁ;0;0;0;0;0;0;0;0;0;0;0;0;0
TERRA (mil m3);mil m3;2004;REGIÃO NORTE;AMAZONAS;237013;235476;251164;242222;243471;243182;252461;263817;238958;238231;233233;220945;2900173
TERRA (mil m3);mil m3;2004;REGIÃO NORDESTE;MARANHÃO;0;0;0;0;0;0;0;0;0;0;0;0;0
TERRA (mil m3);mil m3;2004;REGIÃO NORDESTE;CEARÁ;0;0;0;0;0;0;0;0;0;0;0;0;0
TERRA (mil m3);mil m3;2004;REGIÃO NORDESTE;RIO GRANDE DO NORTE;255;1512;0;519;769;586;286;370;372;236;204;319;5428
TERRA (mil m3);mil m3;2004;REGIÃO NORDESTE;ALAGOAS;9642,33;15768,698;12393,892;15416,612;18218,667;11920,062;24302,978;22729,607;18479,065;8856,823;11364;20521,073;189613,807
TERRA (mil m3);mil m3;2004;REGIÃO NORDESTE;SERGIPE;823,46;891,8392;767,54;750,9159;922,2871;883,4489;832,092;839,823;721,386;851,3799;834;198,337;9316,509
TERRA (mil m3);mil m3;2004;REGIÃO NORDESTE;BAHIA;14806,56;19045,985;18838,958;18608,41;18688,499;12873,379;15792,555;15542,077;2644,125;3962,049;3538;3231,208;147571,805
TERRA (mil m3);mil m3;2004;REGIÃO SUDESTE;ESPÍRITO SANTO;0;0;0;0;0;0;0;0;0;0;0;0;0
TERRA (mil m3);mil m3;2004;REGIÃO SUDESTE;RIO DE JANEIRO;0;0;0;0;0;0;0;0;0;0;0;0;0
TERRA (mil m3);mil m3;2004;REGIÃO SUDESTE;SÃO PAULO;0;0;0;0;0;0;0;0;0;0;0;0;0
TERRA (mil m3);mil m3;2004;REGIÃO SUL;PARANÁ;0;0;0;0;0;;0;0;0;0;0;0;0
MAR (mil m3);mil m3;2004;REGIÃO NORTE;AMAZONAS;0;0;0;0;0;0;0;0;0;0;0;0;0
MAR (mil m3);mil m3;2004;REGIÃO NORDESTE;MARANHÃO;0;0;0;0;0;0;0;0;0;0;0;0;0
MAR (mil m3);mil m3;2004;REGIÃO NORDESTE;CEARÁ;0;0;0;0;0;0;0;0;0;0;0;0;0
MAR (mil m3);mil m3;2004;REGIÃO NORDESTE;RIO GRANDE DO NORTE;4078;4763;3401;2134;4010;3566;1539;1234;1500;1183;1297;1386;30091
MAR (mil m3);mil m3;2004;REGIÃO NORDESTE;ALAGOAS;0;0;0;0;0;0;0;0;0;0;0;0;0
MAR (mil m3);mil m3;2004;REGIÃO NORDESTE;SERGIPE;13334,86;6058,095;6091,487;8370,051;19154,5911;13318,25;11219,699;10722,65;8711,213;12807,181;10668;14047,821;134503,8981
MAR (mil m3);mil m3;2004;REGIÃO NORDESTE;BAHIA;0;0;0;0;0;0;0;0;0;0;0;0;0
MAR (mil m3);mil m3;2004;REGIÃO SUDESTE;ESPÍRITO SANTO;0;0;0;0;0;0;0;0;0;0;0;0;0
MAR (mil m3);mil m3;2004;REGIÃO SUDESTE;RIO DE JANEIRO;12790,55;11192,284;13539,51;13518,544;9343,203;10822,217;14851,135;8446,555;12556,624;18647,776;24157;49631,479;199496,877
MAR (mil m3);mil m3;2004;REGIÃO SUDESTE;SÃO PAULO;0;0;0;0;0;0;0;0;0;0;0;0;0
MAR (mil m3);mil m3;2004;REGIÃO SUL;PARANÁ;0;0;0;0;0;0;0;0;0;0;0;0;0
TERRA (mil m3);mil m3;2005;REGIÃO NORTE;AMAZONAS;232224;197284;155931;155629;174691;164558;175143;172443;181366;216882;167290;191471;2184912
TERRA (mil m3);mil m3;2005;REGIÃO NORDESTE;MARANHÃO;0;0;0;0;0;0;0;0;0;0;0;0;0
TERRA (mil m3);mil m3;2005;REGIÃO NORDESTE;CEARÁ;0;0;0;0;0;0;0;0;0;0;;0;0
TERRA (mil m3);mil m3;2005;REGIÃO NORDESTE;RIO GRANDE DO NORTE;455;77;10;264;391;504;244;12;0;0;;167;2124
TERRA (mil m3);mil m3;2005;REGIÃO NORDESTE;ALAGOAS;9772,933;7221,18;4225,817;11430,969;14601,787;16047,495;14287;13406;8529;7421;6428;6155;119526,181
TERRA (mil m3);mil m3;2005;REGIÃO NORDESTE;SERGIPE;909,367;735,1971;758,067;834,879;847,7641;823,937;826;866;817;846;862;807;9933,2112
TERRA (mil m3);mil m3;2005;REGIÃO NORDESTE;BAHIA;6678,086;8298,8801;5000,5641;3202,791;2696,61;1822,351;2244;2191;4279;5059;1489;1842;44803,2822
TERRA (mil m3);mil m3;2005;REGIÃO SUDESTE;ESPÍRITO SANTO;0;0;0;0;0;0;0;0;0;0;0;0;0
TERRA (mil m3);mil m3;2005;REGIÃO SUDESTE;RIO DE JANEIRO;0;0;0;0;0;0;0;0;0;0;0;0;0
TERRA (mil m3);mil m3;2005;REGIÃO SUDESTE;SÃO PAULO;0;0;0;0;0;0;0;0;0;0;0;0;0
TERRA (mil m3);mil m3;2005;REGIÃO SUL;PARANÁ;0;0;0;0;0;0;0;0;0;0;0;0;0
MAR (mil m3);mil m3;2005;REGIÃO NORTE;AMAZONAS;0;0;0;0;0;0;0;0;0;0;0;0;0
MAR (mil m3);mil m3;2005;REGIÃO NORDESTE;MARANHÃO;0;0;0;0;0;0;0;0;0;0;0;0;0
MAR (mil m3);mil m3;2005;REGIÃO NORDESTE;CEARÁ;0;0;0;0;0;0;0;0;0;0;0;0;0
MAR (mil m3);mil m3;2005;REGIÃO NORDESTE;RIO GRANDE DO NORTE;2026;824;1011;606;1248;972;437;167;89;23;15;214;7632
MAR (mil m3);mil m3;2005;REGIÃO NORDESTE;ALAGOAS;0;0;0;0;0;0;0;0;0;0;0;0;0
MAR (mil m3);mil m3;2005;REGIÃO NORDESTE;SERGIPE;10564,718;7667,383;7209,8;7069,576;7905,408;7435,302;7825;12134;10613;12513;10622;7701;109260,187
MAR (mil m3);mil m3;2005;REGIÃO NORDESTE;BAHIA;0;0;0;0;0;0;0;0;0;0;0;0;0
MAR (mil m3);mil m3;2005;REGIÃO SUDESTE;ESPÍRITO SANTO;0;0;0;0;0;0;0;0;0;0;0;0;0
MAR (mil m3);mil m3;2005;REGIÃO SUDESTE;RIO DE JANEIRO;75401,701;47044,585;42224,025;68149,923;29041,942;44007,8861;45809;42796;40823;27688;9428;35053;507467,0621
MAR (mil m3);mil m3;2005;REGIÃO SUDESTE;SÃO PAULO;0;0;0;0;0;0;0;0;0;0;0;0;0
MAR (mil m3);mil m3;2005;REGIÃO SUL;PARANÁ;0;0;0;0;0;0;0;0;0;0;0;0;0
TERRA (mil m3);mil m3;2006;REGIÃO NORTE;AMAZONAS;219951;183132,611;219591,353;239612,097;241279,668;239661,491;245548,67;236149,202;197286,901;229490,444;223804,088;221188,872;2696696,397
TERRA (mil m3);mil m3;2006;REGIÃO NORDESTE;MARANHÃO;0;0;0;0;0;0;0;0;0;0;0;0;0
TERRA (mil m3);mil m3;2006;REGIÃO NORDESTE;CEARÁ;0;0;0;0;0;0;0;0;0;0;0;0;0
TERRA (mil m3);mil m3;2006;REGIÃO NORDESTE;RIO GRANDE DO NORTE;0;0;0;0;154;0;0;0;0;0;0;0;154
TERRA (mil m3);mil m3;2006;REGIÃO NORDESTE;ALAGOAS;2891,598;3212,892;7829,368;2686,505;1983,942;2546,506;3386,754;9926,306;477,252;3688,864;2429,93;5810,405;46870,322
TERRA (mil m3);mil m3;2006;REGIÃO NORDESTE;SERGIPE;812,101;659,705;753,308;763,826;762,357;716,176;1093,9199;841,7401;895,7359;1830,864;1118,2549;1588,561;11836,5488
TERRA (mil m3);mil m3;2006;REGIÃO NORDESTE;BAHIA;3605,761;1015,018;2013,21;1582,273;2458,987;2482,43;2087,508;1175,382;1511,281;3102,667;1316,586;2023,229;24374,332
TERRA (mil m3);mil m3;2006;REGIÃO SUDESTE;ESPÍRITO SANTO;0;0;0;0;0;0;0;1268,14;22588,041;23501,92;23013,647;21324,011;91695,759
TERRA (mil m3);mil m3;2006;REGIÃO SUDESTE;RIO DE JANEIRO;0;0;0;0;0;0;0;0;0;0;0;0;0
TERRA (mil m3);mil m3;2006;REGIÃO SUDESTE;SÃO PAULO;0;0;0;0;0;0;0;0;0;0;0;0;0
TERRA (mil m3);mil m3;2006;REGIÃO SUL;PARANÁ;0;0;0;0;0;0;0;0;0;0;0;0;0
MAR (mil m3);mil m3;2006;REGIÃO NORTE;AMAZONAS;0;0;0;0;0;0;0;0;0;0;0;0;0
MAR (mil m3);mil m3;2006;REGIÃO NORDESTE;MARANHÃO;0;0;0;0;0;0;0;0;0;0;0;0;0
MAR (mil m3);mil m3;2006;REGIÃO NORDESTE;CEARÁ;0;0;0;0;0;0;0;0;0;0;0;0;0
MAR (mil m3);mil m3;2006;REGIÃO NORDESTE;RIO GRANDE DO NORTE;249;38;0;212;317;46;77;41;0;38;0;1;1019
MAR (mil m3);mil m3;2006;REGIÃO NORDESTE;ALAGOAS;0;0;0;0;0;0;0;0;0;0;0;0;0
MAR (mil m3);mil m3;2006;REGIÃO NORDESTE;SERGIPE;10247,6419;9262,0321;5739,84;14366,3671;12352,49;10391,069;9498,981;5325,938;5580;5923,956;6482,995;5610;100781,3101
MAR (mil m3);mil m3;2006;REGIÃO NORDESTE;BAHIA;0;0;0;0;0;0;0;0;0;0;0;0;0
MAR (mil m3);mil m3;2006;REGIÃO SUDESTE;ESPÍRITO SANTO;0;0;0;0;0;0;0;0;0;0;0;0;0
MAR (mil m3);mil m3;2006;REGIÃO SUDESTE;RIO DE JANEIRO;15687,269;22553,659;39762,174;29450,2949;12589,617;4013,625;9032,59;17840,876;9492,011;18182,329;14454,925;3442,617;196501,9869
MAR (mil m3);mil m3;2006;REGIÃO SUDESTE;SÃO PAULO;0;0;0;0;0;0;0;0;0;0;0;0;0
MAR (mil m3);mil m3;2006;REGIÃO SUL;PARANÁ;0;0;0;0;0;0;0;0;0;0;0;0;0
TERRA (mil m3);mil m3;2007;REGIÃO NORTE;AMAZONAS;232735,905;221682,388;247297,475;233793,11;235578,104;234035,629;242231,666;246947,755;234081,467;230218,182;244607,422;237069,647;2840278,75
TERRA (mil m3);mil m3;2007;REGIÃO NORDESTE;MARANHÃO;0;0;0;0;0;0;0;0;0;0;0;0;0
TERRA (mil m3);mil m3;2007;REGIÃO NORDESTE;CEARÁ;0;0;0;0;0;0;0;0;0;0;0;0;0
TERRA (mil m3);mil m3;2007;REGIÃO NORDESTE;RIO GRANDE DO NORTE;0;17;24;462;148;0;0;0;0;0;0;0;651
TERRA (mil m3);mil m3;2007;REGIÃO NORDESTE;ALAGOAS;6103,629;8117,462;4590,076;11437,349;7056,894;8144,201;5989,762;4888,907;2378,577;512,956;5767,965;5437,092;70424,87
TERRA (mil m3);mil m3;2007;REGIÃO NORDESTE;SERGIPE;1188,522;2631,017;2889,4779;2601,862;5602,817;4861,473;1844,7991;3255,299;2609,632;2591,8659;950,53;809,112;31836,4069
TERRA (mil m3);mil m3;2007;REGIÃO NORDESTE;BAHIA;8302,691;7079,903;11194,84;19848,82;26340,259;16589,07;15569,635;9689,732;8174,494;24724,368;26817,2349;25828,3041;200159,351
TERRA (mil m3);mil m3;2007;REGIÃO SUDESTE;ESPÍRITO SANTO;20725,78;11564;9398,6;20245;2908;10744,4;16038;8875;7106;8044,88;5478;5443;126570,66
TERRA (mil m3);mil m3;2007;REGIÃO SUDESTE;RIO DE JANEIRO;0;0;0;0;0;0;0;0;0;0;;;0
TERRA (mil m3);mil m3;2007;REGIÃO SUDESTE;SÃO PAULO;0;0;0;0;0;0;0;0;0;0;;;0
TERRA (mil m3);mil m3;2007;REGIÃO SUL;PARANÁ;0;0;0;0;0;0;0;0;0;0;;;0
MAR (mil m3);mil m3;2007;REGIÃO NORTE;AMAZONAS;0;0;0;0;0;0;0;0;0;0;;;0
MAR (mil m3);mil m3;2007;REGIÃO NORDESTE;MARANHÃO;0;0;0;0;0;0;0;0;0;0;0;0;0
MAR (mil m3);mil m3;2007;REGIÃO NORDESTE;CEARÁ;0;;0;0;0;0;0;0;0;0;0;0;0
MAR (mil m3);mil m3;2007;REGIÃO NORDESTE;RIO GRANDE DO NORTE;0;0;0;0;38;0;45;0;0;0;0;0;83
MAR (mil m3);mil m3;2007;REGIÃO NORDESTE;ALAGOAS;;;;;0;0;0;0;;0;0;;0
MAR (mil m3);mil m3;2007;REGIÃO NORDESTE;SERGIPE;5939,002;6436,568;14812,8051;14301,3449;17290,3611;14852,7131;13819,342;16489,308;13177,02;13821,85;11900,9;13887,424;156728,6382
MAR (mil m3);mil m3;2007;REGIÃO NORDESTE;BAHIA;0;0;0;0;0;0;0;0;0;0;0;0;0
MAR (mil m3);mil m3;2007;REGIÃO SUDESTE;ESPÍRITO SANTO;0;0;0;0;0;0;0;0;0;0;0;0;0
MAR (mil m3);mil m3;2007;REGIÃO SUDESTE;RIO DE JANEIRO;1407,843;2877,711;4186,565;3309,005;1290,219;11181,7591;8715,26;7273,469;8810,219;2065,845;6534,534;9921,283;67573,7121
MAR (mil m3);mil m3;2007;REGIÃO SUDESTE;SÃO PAULO;0;0;0;0;0;0;0;0;0;0;0;0;0
MAR (mil m3);mil m3;2007;REGIÃO SUL;PARANÁ;0;0;0;0;0;0;0;0;0;0;0;0;0
TERRA (mil m3);mil m3;2008;REGIÃO NORTE;AMAZONAS;256639,345;232169,013;258780,68;245330,573;233308,415;246580,996;251268,753;257845,899;252284,221;256944,558;252910,694;255811,444;2999874,591
TERRA (mil m3);mil m3;2008;REGIÃO NORDESTE;MARANHÃO;0;0;0;0;0;0;0;0;0;0;0;0;0
TERRA (mil m3);mil m3;2008;REGIÃO NORDESTE;CEARÁ;0;0;0;0;0;0;0;0;0;0;0;0;0
TERRA (mil m3);mil m3;2008;REGIÃO NORDESTE;RIO GRANDE DO NORTE;45;0;13;754;476;0;0;0;0;0;0;438;1726
TERRA (mil m3);mil m3;2008;REGIÃO NORDESTE;ALAGOAS;1853,358;1171,249;4337,379;15876,629;15560,276;16647,167;13494,087;13535,766;9706,943;1493,279;7873,378;13849,114;115398,625
TERRA (mil m3);mil m3;2008;REGIÃO NORDESTE;SERGIPE;725,899;756,458;877,352;826,594;875,942;849,17;854,99;818,604;819,117;774,287;779,627;834,657;9792,697
TERRA (mil m3);mil m3;2008;REGIÃO NORDESTE;BAHIA;26239,627;26046,7561;24295,587;26052,746;29203,598;27177,72;28250,029;29527,207;28077,751;29833,341;28983,923;34255,993;337944,2781
TERRA (mil m3);mil m3;2008;REGIÃO SUDESTE;ESPÍRITO SANTO;1756;200;0;0;0;0;0;0;0;0;0;0;1956
TERRA (mil m3);mil m3;2008;REGIÃO SUDESTE;RIO DE JANEIRO;0;0;0;0;0;0;0;0;0;0;0;0;0
TERRA (mil m3);mil m3;2008;REGIÃO SUDESTE;SÃO PAULO;0;0;0;0;0;0;0;0;0;0;0;0;0
TERRA (mil m3);mil m3;2008;REGIÃO SUL;PARANÁ;0;0;0;0;0;0;0;0;0;0;0;0;0
MAR (mil m3);mil m3;2008;REGIÃO NORTE;AMAZONAS;0;0;0;0;0;0;0;0;0;0;0;0;0
MAR (mil m3);mil m3;2008;REGIÃO NORDESTE;MARANHÃO;0;0;0;0;0;0;0;0;0;0;0;0;0
MAR (mil m3);mil m3;2008;REGIÃO NORDESTE;CEARÁ;0;0;0;0;0;0;0;0;0;0;0;0;0
MAR (mil m3);mil m3;2008;REGIÃO NORDESTE;RIO GRANDE DO NORTE;0;48;0;0;0;0;0;0;0;0;0;0;48
MAR (mil m3);mil m3;2008;REGIÃO NORDESTE;ALAGOAS;0;0;0;0;0;0;0;0;0;0;0;0;0
MAR (mil m3);mil m3;2008;REGIÃO NORDESTE;SERGIPE;12484,0289;16343,064;18136,299;23972,446;23370,628;22060,809;29033,961;30335,769;16095,094;24677,141;40408,539;42547,289;299465,0679
MAR (mil m3);mil m3;2008;REGIÃO NORDESTE;BAHIA;0;0;0;0;0;0;0;0;0;0;0;0;0
MAR (mil m3);mil m3;2008;REGIÃO SUDESTE;ESPÍRITO SANTO;0;0;0;0;0;0;0;0;0;0;0;0;0
MAR (mil m3);mil m3;2008;REGIÃO SUDESTE;RIO DE JANEIRO;3124,613;11480,68;11018,078;8168,141;13963,9;16827,002;14311,373;9277,372;5474,841;5759,094;12552,455;15986,438;127943,987
MAR (mil m3);mil m3;2008;REGIÃO SUDESTE;SÃO PAULO;0;0;0;0;0;0;0;0;0;0;0;0;0
MAR (mil m3);mil m3;2008;REGIÃO SUL;PARANÁ;0;0;0;0;0;0;0;0;0;0;0;0;0
TERRA (mil m3);mil m3;2009;REGIÃO NORTE;AMAZONAS;256099,755;231388,747;247384,003;252756,695;259146,038;251819,056;255294,324;253204,974;239600,913;253194,437;248716,209;266709,324;3015314,475
TERRA (mil m3);mil m3;2009;REGIÃO NORDESTE;MARANHÃO;0;0;0;0;0;0;0;0;0;0;0;0;0
TERRA (mil m3);mil m3;2009;REGIÃO NORDESTE;CEARÁ;0;0;0;0;0;0;0;0;0;0;0;0;0
TERRA (mil m3);mil m3;2009;REGIÃO NORDESTE;RIO GRANDE DO NORTE;0;0;130;0;0;12;40;0;0;0;0;0;182
TERRA (mil m3);mil m3;2009;REGIÃO NORDESTE;ALAGOAS;11753,439;11428,676;14542,896;15787,904;13900,765;12742,839;16815,565;17013,891;14539,17;13621,651;10203,755;15281,812;167632,363
TERRA (mil m3);mil m3;2009;REGIÃO NORDESTE;SERGIPE;855,41;812,133;900,67;447,615;0;289,819;772,956;798,338;767,581;766,159;450,669;844,194;7705,544
TERRA (mil m3);mil m3;2009;REGIÃO NORDESTE;BAHIA;35891,909;29586,125;34657,29;34425,925;33187,025;31231,392;31152,929;29231,591;30809,873;30596,335;30900,835;30741,769;382412,998
TERRA (mil m3);mil m3;2009;REGIÃO SUDESTE;ESPÍRITO SANTO;0;0;0;0;0;0;0;0;0;0;0;0;0
TERRA (mil m3);mil m3;2009;REGIÃO SUDESTE;RIO DE JANEIRO;0;0;0;0;0;0;0;0;0;0;0;0;0
TERRA (mil m3);mil m3;2009;REGIÃO SUDESTE;SÃO PAULO;0;0;0;0;0;0;0;0;0;0;0;0;0
TERRA (mil m3);mil m3;2009;REGIÃO SUL;PARANÁ;0;0;0;0;0;0;0;0;0;0;0;0;0
MAR (mil m3);mil m3;2009;REGIÃO NORTE;AMAZONAS;0;0;0;0;0;0;0;0;0;0;0;0;0
MAR (mil m3);mil m3;2009;REGIÃO NORDESTE;MARANHÃO;0;0;0;0;0;0;0;0;0;0;0;0;0
MAR (mil m3);mil m3;2009;REGIÃO NORDESTE;CEARÁ;0;0;0;0;0;0;0;0;0;0;0;0;0
MAR (mil m3);mil m3;2009;REGIÃO NORDESTE;RIO GRANDE DO NORTE;0;0;78;0;0;327;930;2238;2157;2095;1873;1812;11510
MAR (mil m3);mil m3;2009;REGIÃO NORDESTE;ALAGOAS;0;0;0;0;0;0;0;0;0;0;0;0;0
MAR (mil m3);mil m3;2009;REGIÃO NORDESTE;SERGIPE;40950,355;37330,634;41267,518;25936,285;36293,724;39043,761;41922,38;41440,59;37205,208;37811,701;39880,451;41843,918;460926,525
MAR (mil m3);mil m3;2009;REGIÃO NORDESTE;BAHIA;0;0;0;0;0;0;0;0;0;0;0;0;0
MAR (mil m3);mil m3;2009;REGIÃO SUDESTE;ESPÍRITO SANTO;0;0;0;0;0;0;0;35;1743;4708;3819;7456,532;17761,532
MAR (mil m3);mil m3;2009;REGIÃO SUDESTE;RIO DE JANEIRO;34361,12;28476,857;13825,822;12811,346;9077,853;24533,284;15102,33;36768,163;30438,107;24531;29566;28359,919;287851,801
MAR (mil m3);mil m3;2009;REGIÃO SUDESTE;SÃO PAULO;0;0;0;0;0;0;0;0;0;0;0;0;0
MAR (mil m3);mil m3;2009;REGIÃO SUL;PARANÁ;0;0;0;0;0;0;0;0;0;0;0;0;0
TERRA (mil m3);mil m3;2010;REGIÃO NORTE;AMAZONAS;260710,627;233316,062;252796,751;253978,797;260812,087;259910,401;268744,564;266804,8;229439,699;225149,6;230356,483;252767,41;2994787,281
TERRA (mil m3);mil m3;2010;REGIÃO NORDESTE;MARANHÃO;0;0;0;0;0;0;0;0;0;0;0;0;0
TERRA (mil m3);mil m3;2010;REGIÃO NORDESTE;CEARÁ;0;0;0;0;0;0;0;0;0;0;0;0;0
TERRA (mil m3);mil m3;2010;REGIÃO NORDESTE;RIO GRANDE DO NORTE;4;0;0;0;48;0;0;0;0;0;0;0;52
TERRA (mil m3);mil m3;2010;REGIÃO NORDESTE;ALAGOAS;14712,81;12218,171;11013,841;9025,074;9697,911;6700,61;8560,051;4116,442;3520,369;6548,567;3795,968;9426,225;99336,039
TERRA (mil m3);mil m3;2010;REGIÃO NORDESTE;SERGIPE;775,118;770,109;747,379;766,871;805,83;738,251;738,74;497,333;724,476;828,436;825,993;839,47;9058,006
TERRA (mil m3);mil m3;2010;REGIÃO NORDESTE;BAHIA;34968,846;23930,229;29884,896;29497,528;28203,248;25962,854;29100,655;27803,342;28183,677;26266,543;26187,027;29617,12547;339605,97047
TERRA (mil m3);mil m3;2010;REGIÃO SUDESTE;ESPÍRITO SANTO;0;0;0;0;0;0;0;0;0;0;0;0;0
TERRA (mil m3);mil m3;2010;REGIÃO SUDESTE;RIO DE JANEIRO;0;0;0;0;0;0;0;0;0;0;0;0;0
TERRA (mil m3);mil m3;2010;REGIÃO SUDESTE;SÃO PAULO;0;0;0;0;0;0;0;0;0;0;0;0;0
TERRA (mil m3);mil m3;2010;REGIÃO SUL;PARANÁ;0;0;0;0;0;0;0;0;0;0;0;0;0
MAR (mil m3);mil m3;2010;REGIÃO NORTE;AMAZONAS;0;0;0;0;0;0;0;0;0;0;0;0;0
MAR (mil m3);mil m3;2010;REGIÃO NORDESTE;MARANHÃO;0;0;0;0;0;0;0;0;0;0;0;0;0
MAR (mil m3);mil m3;2010;REGIÃO NORDESTE;CEARÁ;0;0;0;0;0;0;0;0;0;0;0;0;0
MAR (mil m3);mil m3;2010;REGIÃO NORDESTE;RIO GRANDE DO NORTE;1327;1666;1684;1696;1741;1711;1857;1710;1752,394;1513,483;1525,992;1306,08589;19489,95489
MAR (mil m3);mil m3;2010;REGIÃO NORDESTE;ALAGOAS;0;0;0;0;0;0;0;0;0;0;0;0;0
MAR (mil m3);mil m3;2010;REGIÃO NORDESTE;SERGIPE;44584,131;36636,509;38738,573;49394,944;55469,88;52387,675;48155,938;57449,645;55592,235;64424,165;24773,983;61191,45833;588799,13633
MAR (mil m3);mil m3;2010;REGIÃO NORDESTE;BAHIA;0;0;0;0;0;0;0;0;0;0;0;0;0
MAR (mil m3);mil m3;2010;REGIÃO SUDESTE;ESPÍRITO SANTO;6128,151;5272,938;20241,189;14752,525;10272,764;10504,602;11952,903;10044,631;8028,964;10299,724;9519,829;9918,888;126937,108
MAR (mil m3);mil m3;2010;REGIÃO SUDESTE;RIO DE JANEIRO;32957,355;12718,346;32766,755;16441,617;15849,57244;16361,882;13604,455;11190,542;9931,316;9416,107;12373,281;7376,534;190987,76244
MAR (mil m3);mil m3;2010;REGIÃO SUDESTE;SÃO PAULO;0;0;0;0;0;0;0;0;0;0;0;0;0
MAR (mil m3);mil m3;2010;REGIÃO SUL;PARANÁ;0;0;0;0;0;0;0;;0;0;0;0;0
TERRA (mil m3);mil m3;2011;REGIÃO NORTE;AMAZONAS;242258,199;210183,315;221349,2;229630,045;227243,3;214536,523;203336,636;184465,674;180423,36;207005,122;187734,245;209038,337;2517203,956
TERRA (mil m3);mil m3;2011;REGIÃO NORDESTE;MARANHÃO;0;0;0;0;0;0;0;0;0;0;0;0;0
TERRA (mil m3);mil m3;2011;REGIÃO NORDESTE;CEARÁ;0;0;0;0;0;0;0;0;0;0;0;0;0
TERRA (mil m3);mil m3;2011;REGIÃO NORDESTE;RIO GRANDE DO NORTE;0;0;0;0;0;0;0;0;0;0;0;0;0
TERRA (mil m3);mil m3;2011;REGIÃO NORDESTE;ALAGOAS;6573,93192;4940,81388;6720,05871;6797,88461;5674,70258;5933,69865;5837,93658;3145,54174;7200,74366;6404,57863;5799,34063;5820,63376;70849,86535
TERRA (mil m3);mil m3;2011;REGIÃO NORDESTE;SERGIPE;840,309;757,45;855,977;765,945;755,989;717,093;801,27;790,732;657,09;806,205;740,218;632,445;9120,723
TERRA (mil m3);mil m3;2011;REGIÃO NORDESTE;BAHIA;30217,45646;23165,7356;23357,63972;22044,45484;18299,66471;17569,7516;21164,46053;17604,38253;17896,57965;20913,2525;18401,51452;15498,95158;246133,84424
TERRA (mil m3);mil m3;2011;REGIÃO SUDESTE;ESPÍRITO SANTO;0;0;0;0;0;0;0;0;0;0;0;0;0
TERRA (mil m3);mil m3;2011;REGIÃO SUDESTE;RIO DE JANEIRO;0;0;0;0;0;0;0;0;0;0;0;0;0
TERRA (mil m3);mil m3;2011;REGIÃO SUDESTE;SÃO PAULO;0;0;0;0;0;0;0;0;0;0;0;0;0
TERRA (mil m3);mil m3;2011;REGIÃO SUL;PARANÁ;0;0;0;0;0;0;0;0;0;0;0;0;0
MAR (mil m3);mil m3;2011;REGIÃO NORTE;AMAZONAS;0;0;0;0;0;0;0;0;0;0;0;0;0
MAR (mil m3);mil m3;2011;REGIÃO NORDESTE;MARANHÃO;0;0;0;0;0;0;0;0;0;0;0;0;0
MAR (mil m3);mil m3;2011;REGIÃO NORDESTE;CEARÁ;0;0;0;0;0;0;0;0;0;0;0;0;0
MAR (mil m3);mil m3;2011;REGIÃO NORDESTE;RIO GRANDE DO NORTE;1439,22096;1283,94097;1492,441;1396,62999;1383,99699;1526,50598;1504,30398;1454,38094;1413,04397;1395,97595;1269,67598;1572,06497;17132,18168
MAR (mil m3);mil m3;2011;REGIÃO NORDESTE;ALAGOAS;0;0;0;0;0;0;0;0;0;0;0;;0
MAR (mil m3);mil m3;2011;REGIÃO NORDESTE;SERGIPE;65425,86252;62627,74539;53704,03984;55837,18369;63514,13965;59573,47962;54390,8686;64193,83266;38394,24453;43359,37265;51424,92651;57056,02549;669501,72115
MAR (mil m3);mil m3;2011;REGIÃO NORDESTE;BAHIA;0;0;0;0;0;0;0;0;0;0;0;0;0
MAR (mil m3);mil m3;2011;REGIÃO SUDESTE;ESPÍRITO SANTO;9931,937;10042,827;11735,633;11826,709;12422,096;13670,844;14726,111;12934,098;14349,027;8694,046;7308,467;14358,529;142000,324
MAR (mil m3);mil m3;2011;REGIÃO SUDESTE;RIO DE JANEIRO;15499,996;29870,614;31574,6;35557,864;51502,885;41321,651;43937,925;36655,183;21106,195;11668,525;23162,651;23930,809;365788,898
MAR (mil m3);mil m3;2011;REGIÃO SUDESTE;SÃO PAULO;0;0;0;0;0;0;0;0;0;0;0;0;0
MAR (mil m3);mil m3;2011;REGIÃO SUL;PARANÁ;0;0;0;0;0;0;0;0;0;0;0;0;0
TERRA (mil m3);mil m3;2012;REGIÃO NORTE;AMAZONAS;214418,46;185658,106;205170,375;164443,143;205290,738;195312,777;197964,233;194779,507;168191,287;167060,689;157917,326;179280,831;2235487,472
TERRA (mil m3);mil m3;2012;REGIÃO NORDESTE;MARANHÃO;0;0;0;0;0;0;0;0;0;0;0;0;0
TERRA (mil m3);mil m3;2012;REGIÃO NORDESTE;CEARÁ;0;0;0;0;0;0;0;0;0;0;0;0;0
TERRA (mil m3);mil m3;2012;REGIÃO NORDESTE;RIO GRANDE DO NORTE;0;0;0;0;0;0;0;0;0;0;0;0;0
TERRA (mil m3);mil m3;2012;REGIÃO NORDESTE;ALAGOAS;4440,75072;3937,97771;3081,64673;1799,31475;3383,57371;3589,6997;4156,34372;4317,31172;3246,00673;5595,83976;1341,39097;122,11297;39011,96919
TERRA (mil m3);mil m3;2012;REGIÃO NORDESTE;SERGIPE;864,34;846,548;852,178;800,002;858,747;798,005;815,989;660,725;830,442;706,855;790,773;888,576;9713,18
TERRA (mil m3);mil m3;2012;REGIÃO NORDESTE;BAHIA;20174,08949;18077,20947;21764,80231;16218,28052;18361,51553;19127,98744;12940,57886;18367,09258;16666,69157;14816,25258;13520,61362;14822,77557;204857,88954
TERRA (mil m3);mil m3;2012;REGIÃO SUDESTE;ESPÍRITO SANTO;0;0;0;0;0;0;0;0;0;0;0;0;0
TERRA (mil m3);mil m3;2012;REGIÃO SUDESTE;RIO DE JANEIRO;0;0;0;0;0;0;0;0;0;0;0;0;0
TERRA (mil m3);mil m3;2012;REGIÃO SUDESTE;SÃO PAULO;0;0;0;0;0;0;0;0;0;0;0;0;0
TERRA (mil m3);mil m3;2012;REGIÃO SUL;PARANÁ;0;0;0;0;0;0;0;0;0;0;0;0;0
MAR (mil m3);mil m3;2012;REGIÃO NORTE;AMAZONAS;0;0;0;0;0;0;0;0;0;0;0;0;0
MAR (mil m3);mil m3;2012;REGIÃO NORDESTE;MARANHÃO;0;0;0;0;0;0;0;0;0;0;0;0;0
MAR (mil m3);mil m3;2012;REGIÃO NORDESTE;CEARÁ;0;0;0;0;0;0;0;0;0;0;0;0;0
MAR (mil m3);mil m3;2012;REGIÃO NORDESTE;RIO GRANDE DO NORTE;1594,99299;1582,58985;1233,49583;1122,67085;1532,7107;1551,42571;1603,52772;1672,0437;1608,03673;1597,19672;1197,75875;1245,40171;17541,85126
MAR (mil m3);mil m3;2012;REGIÃO NORDESTE;ALAGOAS;0;0;0;0;0;0;0;0;0;0;0;0;0
MAR (mil m3);mil m3;2012;REGIÃO NORDESTE;SERGIPE;60265,35254;49438,65561;61130,07756;52168,84249;54186,1838;54477,72964;52977,53966;57102,7106;55319,1956;57053,53966;24610,97763;49127,48755;627858,29234
MAR (mil m3);mil m3;2012;REGIÃO NORDESTE;BAHIA;0;0;0;0;0;0;0;0;0;0;0;0;0
MAR (mil m3);mil m3;2012;REGIÃO SUDESTE;ESPÍRITO SANTO;11684,604;7855,936;9855,736;12081,87;12203,71;10137,019;10182,793;8162,657;8604,933;10818,918;10251,683;9026,309;120866,168
MAR (mil m3);mil m3;2012;REGIÃO SUDESTE;RIO DE JANEIRO;35501,97;29973,037;25348,09;18056,054;21437,412;24621,038;25773,984;21726,722;20054,81;20486,609;20994,986;23421,537;287396,249
MAR (mil m3);mil m3;2012;REGIÃO SUDESTE;SÃO PAULO;0;0;0;0;0;0;0;0;0;0;0;0;0
MAR (mil m3);mil m3;2012;REGIÃO SUL;PARANÁ;0;0;0;0;0;0;0;0;0;0;0;0;0
TERRA (mil m3);mil m3;2013;REGIÃO NORTE;AMAZONAS;189952,076;157833,555;176253,506;167376,026;173169,613;157274,723;178583,556;146568,093;147474,429;171126,369;150592,831;169660,822;1985865,599
TERRA (mil m3);mil m3;2013;REGIÃO NORDESTE;MARANHÃO;0;0;0;0;0;0;0;0;0;0;0;0;0
TERRA (mil m3);mil m3;2013;REGIÃO NORDESTE;CEARÁ;0;0;0;0;0;0;0;0;0;0;0;0;0
TERRA (mil m3);mil m3;2013;REGIÃO NORDESTE;RIO GRANDE DO NORTE;0;0;0;0;0;0;0;0;0;0;0;0;0
TERRA (mil m3);mil m3;2013;REGIÃO NORDESTE;ALAGOAS;0,64;18,784;76,111;816,53394;27,31298;0,797;3373,91079;2992,03968;58,78486;0,55496;0,25099;27,41097;7393,13117
TERRA (mil m3);mil m3;2013;REGIÃO NORDESTE;SERGIPE;863,251;765,6;843,358;583,254;218,699;0;258,316;623,672;678,239;597,139;603,39;640,612;6675,53
TERRA (mil m3);mil m3;2013;REGIÃO NORDESTE;BAHIA;22574,71146;21382,50467;22336,80564;16838,37667;18299,39064;17980,52865;22276,35764;20681,30157;11353,90164;12512,31252;12145,71457;14276,11249;212658,01816
TERRA (mil m3);mil m3;2013;REGIÃO SUDESTE;ESPÍRITO SANTO;0;0;0;0;0;0;0;0;0;0;0;0;0
TERRA (mil m3);mil m3;2013;REGIÃO SUDESTE;RIO DE JANEIRO;0;0;0;0;0;0;0;0;0;0;0;0;0
TERRA (mil m3);mil m3;2013;REGIÃO SUDESTE;SÃO PAULO;0;0;0;0;0;0;0;0;0;0;0;0;0
TERRA (mil m3);mil m3;2013;REGIÃO SUL;PARANÁ;0;0;0;0;0;0;0;0;0;0;0;0;0
MAR (mil m3);mil m3;2013;REGIÃO NORTE;AMAZONAS;0;0;0;0;0;0;0;0;0;0;0;0;0
MAR (mil m3);mil m3;2013;REGIÃO NORDESTE;MARANHÃO;0;0;0;0;0;0;0;0;0;0;0;0;0
MAR (mil m3);mil m3;2013;REGIÃO NORDESTE;CEARÁ;0;0;0;0;0;0;0;0;0;0;0;0;0
MAR (mil m3);mil m3;2013;REGIÃO NORDESTE;RIO GRANDE DO NORTE;1031,53769;1203,64271;1552,55372;1089,86369;1241,00064;1105,21063;750,70763;1026,72461;910,5176;447,07772;853,7936;497,69655;11710,32679
MAR (mil m3);mil m3;2013;REGIÃO NORDESTE;ALAGOAS;0;0;0;0;0;0;0;0;0;0;0;0;0
MAR (mil m3);mil m3;2013;REGIÃO NORDESTE;SERGIPE;52560,02058;46974,50975;51315,02766;50858,2147;50651,21272;53048,2368;48328,6148;60702,4977;57676,28869;59747,5317;55475,18383;54335,73374;641673,07267
MAR (mil m3);mil m3;2013;REGIÃO NORDESTE;BAHIA;0;0;0;0;0;0;0;0;0;0;0;0;0
MAR (mil m3);mil m3;2013;REGIÃO SUDESTE;ESPÍRITO SANTO;5766,836;9100,596;1928,843;1572,847;8255,683;5897,201;2000,311;4873,226;5582,886;7012,503;4182,259;8406,907;64580,098
MAR (mil m3);mil m3;2013;REGIÃO SUDESTE;RIO DE JANEIRO;21021,75;15975,265;19199,298;19731,443;17271,212;47375,613;56118,029;64142,506;81802,865;103309,115;122916,998;133366,30299;702230,39699
MAR (mil m3);mil m3;2013;REGIÃO SUDESTE;SÃO PAULO;0;0;0;13517,718;19809,167;22620,469;26380,531;31157,257;33070,233;31433,836;34947,701;37281,232;250218,144
MAR (mil m3);mil m3;2013;REGIÃO SUL;PARANÁ;0;0;0;0;0;0;0;0;0;0;0;0;0
TERRA (mil m3);mil m3;2014;REGIÃO NORTE;AMAZONAS;194514,492;168003,568;179792,838;182454,009;212267,107;181523,132;191628,288;191533,239;201096,773;203172,395;208947,184;239028,107;2353961,132
TERRA (mil m3);mil m3;2014;REGIÃO NORDESTE;MARANHÃO;0;0;0;0;0;0;0;0;0;0;0;0;0
TERRA (mil m3);mil m3;2014;REGIÃO NORDESTE;CEARÁ;0;0;0;0;0;0;0;0;0;0;0;0;0
TERRA (mil m3);mil m3;2014;REGIÃO NORDESTE;RIO GRANDE DO NORTE;0;0;0;0;0;0;0;0;0;0;0;0;0
TERRA (mil m3);mil m3;2014;REGIÃO NORDESTE;ALAGOAS;31,67095;5,15198;25,50695;238,72098;0;0;0;1,814;0;6,529;0,694;0;310,08786
TERRA (mil m3);mil m3;2014;REGIÃO NORDESTE;SERGIPE;652,236;747,122;770,515;789,022;859,23;824,893;868,627;633,863;815,846;830,54;829,673;828,931;9450,498
TERRA (mil m3);mil m3;2014;REGIÃO NORDESTE;BAHIA;21097,38483;25222,74301;16579,889;21406,3814;22050,19031;21399,70688;22170,65588;23910,29377;25030,35589;30307,69856;34837,47258;36550,11957;300562,89168
TERRA (mil m3);mil m3;2014;REGIÃO SUDESTE;ESPÍRITO SANTO;0;0;0;0;0;0;0;0;0;0;0;0;0
TERRA (mil m3);mil m3;2014;REGIÃO SUDESTE;RIO DE JANEIRO;0;0;0;0;0;0;0;0;0;0;0;0;0
TERRA (mil m3);mil m3;2014;REGIÃO SUDESTE;SÃO PAULO;0;0;0;0;0;0;0;0;0;0;0;0;0
TERRA (mil m3);mil m3;2014;REGIÃO SUL;PARANÁ;0;0;0;0;0;0;0;0;0;0;0;0;0
MAR (mil m3);mil m3;2014;REGIÃO NORTE;AMAZONAS;0;0;0;0;0;0;0;0;0;0;0;0;0
MAR (mil m3);mil m3;2014;REGIÃO NORDESTE;MARANHÃO;0;0;0;0;0;0;0;0;0;0;0;0;0
MAR (mil m3);mil m3;2014;REGIÃO NORDESTE;CEARÁ;0;0;0;0;0;0;0;0;0;0;0;0;0
MAR (mil m3);mil m3;2014;REGIÃO NORDESTE;RIO GRANDE DO NORTE;362,89162;446,26263;675,64564;316,29561;429,03164;1233,10161;1583,21163;1567,21758;1017,36161;1413,99759;1315,00459;1044,21659;11404,23834
MAR (mil m3);mil m3;2014;REGIÃO NORDESTE;ALAGOAS;0;0;0;0;0;0;0;0;0;0;0;0;0
MAR (mil m3);mil m3;2014;REGIÃO NORDESTE;SERGIPE;28013,65165;42544,90876;54029,4248;52480,22479;51722,52582;52909,70182;54198,95269;56313,14566;53711,41673;52795,95567;49383,09046;54899,6587;603002,65755
MAR (mil m3);mil m3;2014;REGIÃO NORDESTE;BAHIA;0;0;0;0;0;0;0;0;0;0;0;0;0
MAR (mil m3);mil m3;2014;REGIÃO SUDESTE;ESPÍRITO SANTO;9805,347;7459,473;9959,193;13616,039;10580,602;16786,508;17178,684;9745,909;8033,406;8258,68;0;0;111423,841
MAR (mil m3);mil m3;2014;REGIÃO SUDESTE;RIO DE JANEIRO;134328,56589;123451,855;130520,66399;125983,03793;141166,79382;139598,83688;110519,31282;137447,94289;146656,56983;159571,16783;134546,35987;198889,37982;1682680,48657
MAR (mil m3);mil m3;2014;REGIÃO SUDESTE;SÃO PAULO;36856,001;42313,951;71980,337;59718,217;53225,618;50889,265;52894,238;54556,523;40239,344;62234,379;72444,174;69541,668;666893,715
MAR (mil m3);mil m3;2014;REGIÃO SUL;PARANÁ;0;0;0;0;0;0;0;0;0;0;0;0;0
TERRA (mil m3);mil m3;2015;REGIÃO NORTE;AMAZONAS;229410,116;204421,937;218347,059;212575,802;224694,276;215106,224;231497,362;241015,062;238414,325;228863,821;236879,297;242577,702;2723802,983
TERRA (mil m3);mil m3;2015;REGIÃO NORDESTE;MARANHÃO;0;0;0;0;0;0;0;0;0;0;0;0;0
TERRA (mil m3);mil m3;2015;REGIÃO NORDESTE;CEARÁ;0;0;0;0;0;0;0;0;0;0;0;0;0
TERRA (mil m3);mil m3;2015;REGIÃO NORDESTE;RIO GRANDE DO NORTE;0;0;0;0;0;0;0;0;0;0;0;0;0
TERRA (mil m3);mil m3;2015;REGIÃO NORDESTE;ALAGOAS;0;1,208;39,42;1,159;0,728;47,958;463,491;0;0;0;15,167;0,926;570,057
TERRA (mil m3);mil m3;2015;REGIÃO NORDESTE;SERGIPE;824,767;744,96;827,651;744,46;759,552;767,928;651,988;661,169;476,768;607,549;600,315;673,144;8340,251
TERRA (mil m3);mil m3;2015;REGIÃO NORDESTE;BAHIA;37444,36557;35758,24273;35503,46961;26596,04457;28879,25056;29802,4338;31449,02472;30456,98072;26268,32678;24767,73199;18583,39503;23389,90394;348899,17002
TERRA (mil m3);mil m3;2015;REGIÃO SUDESTE;ESPÍRITO SANTO;0;0;0;0;0;0;0;0;0;0;0;0;0
TERRA (mil m3);mil m3;2015;REGIÃO SUDESTE;RIO DE JANEIRO;0;0;0;0;0;0;0;0;0;0;0;0;0
TERRA (mil m3);mil m3;2015;REGIÃO SUDESTE;SÃO PAULO;0;0;0;0;0;0;0;0;0;0;0;0;0
TERRA (mil m3);mil m3;2015;REGIÃO SUL;PARANÁ;0;0;0;0;0;0;0;0;0;0;0;0;0
MAR (mil m3);mil m3;2015;REGIÃO NORTE;AMAZONAS;0;0;0;0;0;0;0;0;0;0;0;0;0
MAR (mil m3);mil m3;2015;REGIÃO NORDESTE;MARANHÃO;0;0;0;0;0;0;0;0;0;0;0;0;0
MAR (mil m3);mil m3;2015;REGIÃO NORDESTE;CEARÁ;0;0;0;0;0;0;0;0;0;0;0;0;0
MAR (mil m3);mil m3;2015;REGIÃO NORDESTE;RIO GRANDE DO NORTE;1413,85459;1523,16459;1445,80057;1294,62055;890,15758;971,43158;1054,33358;932,30763;885,6266;823,21657;42,74578;29,93269;11307,19231
MAR (mil m3);mil m3;2015;REGIÃO NORDESTE;ALAGOAS;0;0;0;0;0;0;0;0;0;0;0;0;0
MAR (mil m3);mil m3;2015;REGIÃO NORDESTE;SERGIPE;54826,47485;47843,97289;48526,55056;51927,61769;56817,83657;51385,5227;6498,10878;21486,6957;27260,08564;34622,73263;43485,41284;29806,18676;474487,19761
MAR (mil m3);mil m3;2015;REGIÃO NORDESTE;BAHIA;0;0;0;0;0;0;0;0;0;0;0;0;0
MAR (mil m3);mil m3;2015;REGIÃO SUDESTE;ESPÍRITO SANTO;0;0;0;0;0;0;0;0;19,425;243,188;0;0;262,613
MAR (mil m3);mil m3;2015;REGIÃO SUDESTE;RIO DE JANEIRO;246509,25292;212086,20186;262819,8508;263197,51387;253403,92187;235261,91985;294384,22984;302227,4119;310054,46886;343497,36589;423742,33087;428619,77285;3575804,24138
MAR (mil m3);mil m3;2015;REGIÃO SUDESTE;SÃO PAULO;71959,894;78185,955;110439,161;160221,361;152894,563;156277,109;172937,177;176319,992;142336,42;153880,064;174121,798;173666,031;1723239,525
MAR (mil m3);mil m3;2015;REGIÃO SUL;PARANÁ;0;0;0;0;0;0;0;0;0;0;0;0;0
TERRA (mil m3);mil m3;2016;REGIÃO NORTE;AMAZONAS;246200,227;235761,52;242002,506;249817,489;258830,405;259127,441;265919,306;270213,358;275059,531;246538,881;258858,101;270127,134;3078455,899
TERRA (mil m3);mil m3;2016;REGIÃO NORDESTE;MARANHÃO;0;0;0;0;0;0;0;0;0;0;0;0;0
TERRA (mil m3);mil m3;2016;REGIÃO NORDESTE;CEARÁ;0;0;0;0;0;0;0;0;0;0;0;0;0
TERRA (mil m3);mil m3;2016;REGIÃO NORDESTE;RIO GRANDE DO NORTE;0;0;0;0;0;0;0;0;0;0;0;0;0
TERRA (mil m3);mil m3;2016;REGIÃO NORDESTE;ALAGOAS;4,15287;0;0;0;39,01197;1,181;0;0,77499;0;0;0;2,256;47,37683
TERRA (mil m3);mil m3;2016;REGIÃO NORDESTE;SERGIPE;768,781;643,501;733,19;167,816;0;0;0;0;0;0;0;0;2313,288
TERRA (mil m3);mil m3;2016;REGIÃO NORDESTE;BAHIA;22570,999;21107,31908;20945,70002;20479,94041;20973,64401;19972,91115;20285,16964;17741,03271;19519,9307;20006,38975;20969,79972;23305,68467;247878,52086
TERRA (mil m3);mil m3;2016;REGIÃO SUDESTE;ESPÍRITO SANTO;0;0;0;0;0;0;0;0;0;0;0;0;0
TERRA (mil m3);mil m3;2016;REGIÃO SUDESTE;RIO DE JANEIRO;0;0;0;0;0;0;0;0;0;0;0;0;0
TERRA (mil m3);mil m3;2016;REGIÃO SUDESTE;SÃO PAULO;0;0;0;0;0;0;0;0;0;0;0;0;0
TERRA (mil m3);mil m3;2016;REGIÃO SUL;PARANÁ;0;0;0;0;0;0;0;0;0;0;0;0;0
MAR (mil m3);mil m3;2016;REGIÃO NORTE;AMAZONAS;0;0;0;0;0;0;0;0;0;0;0;0;0
MAR (mil m3);mil m3;2016;REGIÃO NORDESTE;MARANHÃO;0;0;0;0;0;0;0;0;0;0;0;0;0
MAR (mil m3);mil m3;2016;REGIÃO NORDESTE;CEARÁ;0;0;0;0;0;0;0;0;0;0;0;0;0
MAR (mil m3);mil m3;2016;REGIÃO NORDESTE;RIO GRANDE DO NORTE;80,49261;48,36193;0;0;0;0;0;0;0;0;0;0;128,85454
MAR (mil m3);mil m3;2016;REGIÃO NORDESTE;ALAGOAS;0;0;0;0;0;0;0;0;0;0;0;0;0
MAR (mil m3);mil m3;2016;REGIÃO NORDESTE;SERGIPE;48743,15979;46566,1449;46819,0079;47880,7969;52444,51995;50087,91681;54366,41387;56270,34986;51682,30488;50409,62394;45625,46196;45099,58089;595995,28165
MAR (mil m3);mil m3;2016;REGIÃO NORDESTE;BAHIA;0;0;0;0;0;0;0;0;0;0;0;0;0
MAR (mil m3);mil m3;2016;REGIÃO SUDESTE;ESPÍRITO SANTO;0;0;0;0;0;0;0;0;0;0;0;0;0
MAR (mil m3);mil m3;2016;REGIÃO SUDESTE;RIO DE JANEIRO;415447,07986;394510,47283;413440,81482;354955,86685;395547,97986;472847,32092;571855,11798;472057,47498;517784,50098;476653,38992;370375,26799;446215,63489;5301690,92188
MAR (mil m3);mil m3;2016;REGIÃO SUDESTE;SÃO PAULO;209490;152683,2;154925,094;150545,866;139424,363;154211,142;180115,428;160931,368;156410,858;148288,403;107252,169;128706,44;1842984,331
MAR (mil m3);mil m3;2016;REGIÃO SUL;PARANÁ;0;0;0;0;0;0;0;0;0;0;0;0;0
TERRA (mil m3);mil m3;2017;REGIÃO NORTE;AMAZONAS;269395,41;229680,849;243111,935;242264,714;230472,782;237418,312;259940,256;262042,345;248890,541;188559,888;155385,222;177838,796;2745001,05
TERRA (mil m3);mil m3;2017;REGIÃO NORDESTE;MARANHÃO;0;0;0;0;0;0;0;0;0;0;0;0;0
TERRA (mil m3);mil m3;2017;REGIÃO NORDESTE;CEARÁ;0;0;0;0;0;0;0;0;0;0;0;0;0
TERRA (mil m3);mil m3;2017;REGIÃO NORDESTE;RIO GRANDE DO NORTE;0;0;0;0;0;0;0;0;0;0;0;0;0
TERRA (mil m3);mil m3;2017;REGIÃO NORDESTE;ALAGOAS;1,163;0;0,554;0,726;0,478;0;0;0;0;0;14,573;105,02;122,514
TERRA (mil m3);mil m3;2017;REGIÃO NORDESTE;SERGIPE;0;0;0;0;0;0;0;0;0;0;0;0;0
TERRA (mil m3);mil m3;2017;REGIÃO NORDESTE;BAHIA;24354,81271;18421,30969;20339,32467;21135,7056;18675,28564;17091,35258;18601,53561;19323,2146;19116,28356;19885,54458;18825,71161;19537,76661;235307,84746
TERRA (mil m3);mil m3;2017;REGIÃO SUDESTE;ESPÍRITO SANTO;0;0;0;0;0;0;0;0;0;0;0;0;0
TERRA (mil m3);mil m3;2017;REGIÃO SUDESTE;RIO DE JANEIRO;0;0;0;0;0;0;0;0;0;0;0;0;0
TERRA (mil m3);mil m3;2017;REGIÃO SUDESTE;SÃO PAULO;0;0;0;0;0;0;0;0;0;0;0;0;0
TERRA (mil m3);mil m3;2017;REGIÃO SUL;PARANÁ;0;0;0;0;0;0;0;0;0;0;0;0;0
MAR (mil m3);mil m3;2017;REGIÃO NORTE;AMAZONAS;0;0;0;0;0;0;0;0;0;0;0;0;0
MAR (mil m3);mil m3;2017;REGIÃO NORDESTE;MARANHÃO;0;0;0;0;0;0;0;0;0;0;0;0;0
MAR (mil m3);mil m3;2017;REGIÃO NORDESTE;CEARÁ;0;0;0;0;0;0;0;0;0;0;0;0;0
MAR (mil m3);mil m3;2017;REGIÃO NORDESTE;RIO GRANDE DO NORTE;0;0;0;0;0;0;0;0;0;0;0;0;0
MAR (mil m3);mil m3;2017;REGIÃO NORDESTE;ALAGOAS;0;0;0;0;0;0;0;0;0;0;0;0;0
MAR (mil m3);mil m3;2017;REGIÃO NORDESTE;SERGIPE;46272,59795;40714,91592;41506,85795;41063,634;46836,56891;23142,96297;49104,59295;46407,06589;44541,35998;44765,46092;45318,09691;49428,86799;519102,98234
MAR (mil m3);mil m3;2017;REGIÃO NORDESTE;BAHIA;0;0;0;0;0;0;0;0;0;0;0;0;0
MAR (mil m3);mil m3;2017;REGIÃO SUDESTE;ESPÍRITO SANTO;0;0;0;0;0;0;0;0;0;0;0;0;0
MAR (mil m3);mil m3;2017;REGIÃO SUDESTE;RIO DE JANEIRO;403896,78284;336414,00597;419906,58589;322856,32887;357817,79694;364517,023;416035,143;362165,372;455968,36391;454076,34575;456577,20188;401977,88688;4752208,83693
MAR (mil m3);mil m3;2017;REGIÃO SUDESTE;SÃO PAULO;124057,327;141645,952;158375,533;142995,491;160031,452;154775,635;171100,99;174021,659;142773,727;148651,119;127967,043;178702,146;1825098,074
MAR (mil m3);mil m3;2017;REGIÃO SUL;PARANÁ;0;0;0;0;0;0;0;0;0;0;0;0;0
TERRA (mil m3);mil m3;2018;REGIÃO NORTE;AMAZONAS;180345,275;219801,664;237032,38;246055,703;263798,119;252318,749;;;;;;;1399351,89
TERRA (mil m3);mil m3;2018;REGIÃO NORDESTE;MARANHÃO;0;0;0;0;0;0;;;;;;;0
TERRA (mil m3);mil m3;2018;REGIÃO NORDESTE;CEARÁ;0;0;0;0;0;0;;;;;;;0
TERRA (mil m3);mil m3;2018;REGIÃO NORDESTE;RIO GRANDE DO NORTE;0;0;0;0;0;0;;;;;;;0
TERRA (mil m3);mil m3;2018;REGIÃO NORDESTE;ALAGOAS;0,198;0,176;0,085;0,11;0;0;;;;;;;0,569
TERRA (mil m3);mil m3;2018;REGIÃO NORDESTE;SERGIPE;0;0;0;0;0;0;;;;;;;0
TERRA (mil m3);mil m3;2018;REGIÃO NORDESTE;BAHIA;19283,84359;17420,58162;19179,94462;17641,42962;17815,98958;18956,6856;;;;;;;110298,47463
TERRA (mil m3);mil m3;2018;REGIÃO SUDESTE;ESPÍRITO SANTO;0;0;0;0;0;0;;;;;;;0
TERRA (mil m3);mil m3;2018;REGIÃO SUDESTE;RIO DE JANEIRO;0;0;0;0;0;0;;;;;;;0
TERRA (mil m3);mil m3;2018;REGIÃO SUDESTE;SÃO PAULO;0;0;0;0;0;0;;;;;;;0
TERRA (mil m3);mil m3;2018;REGIÃO SUL;PARANÁ;0;0;0;0;0;0;;;;;;;0
MAR (mil m3);mil m3;2018;REGIÃO NORTE;AMAZONAS;0;0;0;0;0;0;;;;;;;0
MAR (mil m3);mil m3;2018;REGIÃO NORDESTE;MARANHÃO;0;0;0;0;0;0;;;;;;;0
MAR (mil m3);mil m3;2018;REGIÃO NORDESTE;CEARÁ;0;0;0;0;0;0;;;;;;;0
MAR (mil m3);mil m3;2018;REGIÃO NORDESTE;RIO GRANDE DO NORTE;0;0;0;0;0;0;;;;;;;0
MAR (mil m3);mil m3;2018;REGIÃO NORDESTE;ALAGOAS;0;0;0;0;0;0;;;;;;;0
MAR (mil m3);mil m3;2018;REGIÃO NORDESTE;SERGIPE;50132,49398;42064,41195;41472,31095;27705,40396;44983,18894;44981,88497;;;;;;;251339,69475
MAR (mil m3);mil m3;2018;REGIÃO NORDESTE;BAHIA;0;0;0;0;0;0;;;;;;;0
MAR (mil m3);mil m3;2018;REGIÃO SUDESTE;ESPÍRITO SANTO;0;0;0;0;0;0;;;;;;;0
MAR (mil m3);mil m3;2018;REGIÃO SUDESTE;RIO DE JANEIRO;487036,40479;460474,08015;515256,75681;532697,0342;568226,07897;544577,42099;;;;;;;3108267,77591
MAR (mil m3);mil m3;2018;REGIÃO SUDESTE;SÃO PAULO;194439,331;181284,77891;223522,32881;155546,88693;227107,13929;171889,73207;;;;;;;
MAR (mil m3);mil m3;2018;REGIÃO SUL;PARANÁ;0;0;0;0;0;0;;;;;;;0
